function,module,description,startLine,endBoundaryLine,bodyBoundarySha256,callOccurrences,if,else,switch,case,for,while,catch,return,throw,ternaryTokensApprox,calls
safeAvatarId,00a-visual-foundation-avatar-v2.js,"Registro central de assets, LOD gerenciado, orçamento visual e esquema de avatar V2",114,117,45126324123e9e9a86c9f3fb3d810ea9452b8fb3b5ca658085a8a58e255c3fb9,0,0,0,0,0,0,0,0,1,0,3,
safeAvatarColor,00a-visual-foundation-avatar-v2.js,"Registro central de assets, LOD gerenciado, orçamento visual e esquema de avatar V2",118,121,c2822e0999a9c3792ac511826222f9987a0666887eba112af43853855d954d33,0,0,0,0,0,0,0,0,1,0,3,
safeLegacyAvatarChoice,00a-visual-foundation-avatar-v2.js,"Registro central de assets, LOD gerenciado, orçamento visual e esquema de avatar V2",122,125,235971db86fe7b5884605c359eb9031e30382cc703d6e6bbec9cd7a789c668a9,0,0,0,0,0,0,0,0,1,0,1,
defaultAvatarV2,00a-visual-foundation-avatar-v2.js,"Registro central de assets, LOD gerenciado, orçamento visual e esquema de avatar V2",126,128,2ab964d9359bf4e8ddb27a45ad4bc2b29bb90a6619d420dfcd177cbf22937576,0,0,0,0,0,0,0,0,1,0,0,
normalizeAvatarV2,00a-visual-foundation-avatar-v2.js,"Registro central de assets, LOD gerenciado, orçamento visual e esquema de avatar V2",129,158,c2300542ac6bda66d3a02ff1560ce8b91f1b41200ede958efc002eda8fa214e4,17,0,0,0,0,0,0,0,1,0,2,safeAvatarColor | safeAvatarId | safeLegacyAvatarChoice
updateAvatarV2LegacyChoice,00a-visual-foundation-avatar-v2.js,"Registro central de assets, LOD gerenciado, orçamento visual e esquema de avatar V2",159,189,f733f1db3af71210acc938f81717cbf2181ab4d76638f64a84ef78ca0093bdd0,3,3,0,0,0,0,0,0,2,0,1,normalizeAvatarV2 | safeLegacyAvatarChoice
registerVisualAsset,00a-visual-foundation-avatar-v2.js,"Registro central de assets, LOD gerenciado, orçamento visual e esquema de avatar V2",190,197,e23358da58372d48366eb6bba0de9e9cd8b09abbb331ec677b69c8c0b0e2280e,0,1,0,0,0,0,0,0,2,0,4,
updateVisualAsset,00a-visual-foundation-avatar-v2.js,"Registro central de assets, LOD gerenciado, orçamento visual e esquema de avatar V2",198,200,8fa913db3dc01a8037864368cdbb51d3dcd578279bb81c981d7fa5425978acd7,1,0,0,0,0,0,0,0,1,0,0,registerVisualAsset
visualAssetStatus,00a-visual-foundation-avatar-v2.js,"Registro central de assets, LOD gerenciado, orçamento visual e esquema de avatar V2",201,211,a0ea6af3dee18751b4d5a3d6141eff01463cc5ec4f981c8b0bb21d335d3caef0,0,0,0,0,0,1,0,0,1,0,0,
visualQualityProfile,00a-visual-foundation-avatar-v2.js,"Registro central de assets, LOD gerenciado, orçamento visual e esquema de avatar V2",212,214,291bc7d82520f08b2abb44d33de3714c62f702ed75a734b1502fae81269ab14b,0,0,0,0,0,0,0,0,1,0,0,
createManagedLOD,00a-visual-foundation-avatar-v2.js,"Registro central de assets, LOD gerenciado, orçamento visual e esquema de avatar V2",215,234,35bae4923b88ca77aac32a4c2e88d350f56942eeba64eb9e7bfd20ab64f17ca2,2,2,0,0,0,0,0,0,3,0,1,registerVisualAsset
applyVisualQualityBudget,00a-visual-foundation-avatar-v2.js,"Registro central de assets, LOD gerenciado, orçamento visual e esquema de avatar V2",235,244,173fd81169fb27840bc0bd004df802ce4c3bd692ffbd5ab8ef09b40a27d03949,1,1,0,0,0,1,0,0,1,0,3,visualQualityProfile
updateManagedVisualLODs,00a-visual-foundation-avatar-v2.js,"Registro central de assets, LOD gerenciado, orçamento visual e esquema de avatar V2",245,255,242b329bd8b43df7ac105a7413da43a63fcd6ccb8fd82df83bb8f020c28bcb60,1,1,0,0,0,1,0,1,1,0,2,updateVisualAsset
outlineBelongsToPlayer,00a-visual-foundation-avatar-v2.js,"Registro central de assets, LOD gerenciado, orçamento visual e esquema de avatar V2",256,263,7a4bc8a8069662beffde1700dc2c0d5d49fc9d06fd27b77337b013098b457b09,0,1,0,0,0,0,1,0,2,0,1,
updateManagedOutlineVisibility,00a-visual-foundation-avatar-v2.js,"Registro central de assets, LOD gerenciado, orçamento visual e esquema de avatar V2",264,284,5c6c620776eed04d6ed3318b1324593d16618c896c9f1b74fa9b69a64e888b19,2,4,1,0,0,1,0,0,1,0,3,outlineBelongsToPlayer | visualQualityProfile
visualFoundationDiagnostics,00a-visual-foundation-avatar-v2.js,"Registro central de assets, LOD gerenciado, orçamento visual e esquema de avatar V2",285,311,eca8b3b84136ff29c4b01074f373cd25c6bf6fab51063093ad5baf88515cb69d,1,1,1,0,0,1,0,0,1,0,4,visualAssetStatus
createAvatarRigFoundation,00a-visual-foundation-avatar-v2.js,"Registro central de assets, LOD gerenciado, orçamento visual e esquema de avatar V2",312,345,d0caf2d8d6af824e819d67283d811c0c32db0e7eb1956de0b3d3b9666c5a3cb4,1,7,0,0,0,0,0,0,3,0,1,registerVisualAsset
avatarFoundationDiagnostics,00a-visual-foundation-avatar-v2.js,"Registro central de assets, LOD gerenciado, orçamento visual e esquema de avatar V2",346,364,be5757adc3fdc5e73ce9508cf2e443e9f5d31d2ade40e860bb280165b9ad7c67,1,0,0,0,0,0,0,0,1,0,11,registerVisualAsset
stableBuildId,00a-visual-foundation-avatar-v2.js,"Registro central de assets, LOD gerenciado, orçamento visual e esquema de avatar V2",365,370,ce3555674ee96f5630c7f2d0c350b71e53e130e8a18f9841bb756c408c7a61bf,0,0,0,0,0,1,0,0,1,0,0,
normalizeBuildRecord,01-build-persistence.js,"Normalização, merge, tombstones e persistência das construções",371,377,2eebf9ce7229e95ba1b69ca9de450839f47202f184b8d2c4d3f977b602d3cfcf,1,2,0,0,0,0,0,0,3,0,1,stableBuildId
normalizeBuildList,01-build-persistence.js,"Normalização, merge, tombstones e persistência das construções",378,386,3a18ac16dd7a7d5191ae56587aee227bf94d681b49c10e519bc5b9407600c464,1,2,0,0,0,0,0,0,2,0,1,normalizeBuildRecord
normalizeBuildTombstones,01-build-persistence.js,"Normalização, merge, tombstones e persistência das construções",387,395,dff0040336cb50a01eae62311ecad59a80d58625d5ba7fb546f6b8e933c0f03b,0,3,0,0,0,0,0,0,3,0,3,
mergeBuildTombstones,01-build-persistence.js,"Normalização, merge, tombstones e persistência das construções",396,396,6cad60d049d9f93dd676ff8649102dbd26b69cb0178af1c42f813bd3692c0e0f,1,0,0,0,0,0,0,0,1,0,0,normalizeBuildTombstones
applyBuildTombstones,01-build-persistence.js,"Normalização, merge, tombstones e persistência das construções",397,400,d18192d829fa546a7d4e37df2c55451ce210cd22ddf16b3824b74441152100f6,2,0,0,0,0,0,0,0,1,0,0,normalizeBuildList | normalizeBuildTombstones
mergeBuildCollections,01-build-persistence.js,"Normalização, merge, tombstones e persistência das construções",401,403,6f045312fb41bba92450712099fd7b645be116adb18255ea6b92d2613fcd217b,2,0,0,0,0,0,0,0,1,0,0,applyBuildTombstones | normalizeBuildList
mergeEntityCollections,01-build-persistence.js,"Normalização, merge, tombstones e persistência das construções",404,483,d6b0c5f9a42897be15c4c0582824b0c48f5ccb94c2fecc3be8c039267d7ea589,1,2,0,0,0,0,0,0,2,0,3,defaultAvatarV2
normalizeState,01-build-persistence.js,"Normalização, merge, tombstones e persistência das construções",484,541,9735ea2b81354860cc6cfc416eae57694c8f79f698467dae6c7801e652a89d58,3,2,0,0,0,0,0,0,1,0,55,applyBuildTombstones | normalizeAvatarV2 | normalizeBuildTombstones
loadState,02-state-save-cloud-account.js,"Estado, save local, IndexedDB, nuvem e conta",542,590,3bc6fab870b5d4e2d380772dc2284f705cb601f73a56e84169ca53ccca3d218e,6,10,2,0,0,1,0,4,5,0,5,ensureDailyChallenges | normalizeState | updateDailyBadge | updateHUD | updateLobbyStats
commitState,02-state-save-cloud-account.js,"Estado, save local, IndexedDB, nuvem e conta",591,607,023e9ab7e3cc6c20286dc2daf78f8e1f5e3f833e30aa9f3a5baa93dfb94ed37e,7,0,0,0,0,0,0,2,2,0,1,applyBuildTombstones | ensureDailyChallenges | normalizeBuildTombstones | syncCloudProgress | syncGameAccount | updateDailyBadge | updateLobbyStats
saveState,02-state-save-cloud-account.js,"Estado, save local, IndexedDB, nuvem e conta",608,615,e8ccd3f1f8819254e66392f2f7ccf4aa3994b747245187aa41d8b272ace78b05,1,1,0,0,0,0,0,0,2,0,0,commitState
cloudProgressPayload,02-state-save-cloud-account.js,"Estado, save local, IndexedDB, nuvem e conta",616,624,49c948d2888f2acc7409ecf00c1c9c2338d16b9d8a999d5b5dd77c12f33dc083,0,0,0,0,0,0,0,0,1,0,19,
syncCloudProgress,02-state-save-cloud-account.js,"Estado, save local, IndexedDB, nuvem e conta",625,628,8adb4408e593f8a7a0aa4ae2de439f4a26e3e5f00f4b7b6047d4e3e0d4531990,2,1,0,0,0,0,0,0,2,0,2,cloudProgressPayload | hasValidPlayerName
mergeCloudProgress,02-state-save-cloud-account.js,"Estado, save local, IndexedDB, nuvem e conta",629,650,6eaee1d4b69518bbd1d1e9f7910f3709b12bfe13a02b34de6431db28fc291590,12,3,0,0,0,0,0,1,3,0,40,mergeBuildCollections | mergeBuildTombstones | mergeEntityCollections | normalizeAvatarV2 | normalizeState | reconcileWorldBuilds | syncCloudProgress | toast | updateHUD | updateLobbyStats | updatePlayerNameUI
accountLinked,02-state-save-cloud-account.js,"Estado, save local, IndexedDB, nuvem e conta",651,651,cbcddbf8b56c3a2848aacdf14d4a5561d2b2ad7be4d96d443da6f908f64835d8,0,0,0,0,0,0,0,0,1,0,1,
accountPromptWasHandled,02-state-save-cloud-account.js,"Estado, save local, IndexedDB, nuvem e conta",652,652,2f6a4b795fb8c51748605735ca7afd0b962665a19541f04fcbf58812a4f38f2f,0,0,0,0,0,0,0,0,1,0,0,
accountStatusText,02-state-save-cloud-account.js,"Estado, save local, IndexedDB, nuvem e conta",653,669,8e7d990c2d7567743c75da6242103e6f028a9c4f0e2973313bfb9202b17a61fd,2,4,0,0,0,0,0,0,7,0,7,accountLinked | publicPlayerName
syncGameAccount,02-state-save-cloud-account.js,"Estado, save local, IndexedDB, nuvem e conta",670,724,e9eee0e46c43db4324798c240743ae4b697433636778ec30647e639e46b0fd24,14,17,0,0,0,0,0,1,12,10,20,accountLinked | applyPlayerName | commitState | normalizeState | publicPlayerName | sanitizePlayerName | saveState | updateHUD | updateLobbyStats | updatePlayerNameUI
openAccountForm,02-state-save-cloud-account.js,"Estado, save local, IndexedDB, nuvem e conta",725,733,1c8bd4ddafe1c55beca48e0ffeaf1ef1620606b83aeb955055ec100555a67d4a,5,4,2,0,0,0,0,1,1,0,9,closeModal | escapeHtml | openAccountCenter | openModal | toast
openAccountCenter,02-state-save-cloud-account.js,"Estado, save local, IndexedDB, nuvem e conta",734,742,99dd07db893c05d0e698cf88a924a4f05d7658e66d0777b5ed102ec08fc2694b,11,1,0,0,0,0,0,0,0,0,12,accountLinked | closeModal | escapeHtml | openAccountForm | openAccountLogoutGate | openModal | openPlayerNameModal | saveState | syncGameAccount | toast
openAccountLogoutGate,02-state-save-cloud-account.js,"Estado, save local, IndexedDB, nuvem e conta",743,749,eef6b5fd5c55beda2db53fcb9e2ab9f837233dff5ab5268f0445de157d9bb7ad,4,2,0,0,0,0,0,0,1,0,2,closeModal | openAccountCenter | openModal | toast
addXP,02-state-save-cloud-account.js,"Estado, save local, IndexedDB, nuvem e conta",750,760,f0b9b73cd1df59f0d291751f7f325aee836734afefe33809744504e4b734682b,4,1,0,0,0,0,0,0,0,0,0,awardMedal | saveState | toast | updateHUD
addCoins,03-ui-modal-install-pwa.js,"Economia, flags, telas, modais, feedback, instalação e PWA",761,764,d14e01b57c4f87de9ee15570796241ce74e0c52f8cdb25a0151acdfd1068d705,2,0,0,0,0,0,0,0,0,0,0,saveState | updateHUD
addReputation,03-ui-modal-install-pwa.js,"Economia, flags, telas, modais, feedback, instalação e PWA",765,768,33b7783fd507b5d183e379b40cdb261ee5b62d952459153285eafec872d6803d,2,0,0,0,0,0,0,0,0,0,0,saveState | updateHUD
awardMedal,03-ui-modal-install-pwa.js,"Economia, flags, telas, modais, feedback, instalação e PWA",769,774,cdf303f815dd2b500bad8d6c06f56748f3e37330613f2053a38eeb195ae8ddc1,2,1,0,0,0,0,0,0,1,0,0,saveState | toast
setFlag,03-ui-modal-install-pwa.js,"Economia, flags, telas, modais, feedback, instalação e PWA",775,781,dce2ffaa9f2e031e0c5ce2621ceddae413b756f81a3fbdddce117a6da0506228,2,1,0,0,0,0,0,0,1,0,0,evaluateMissions | saveState
showScreen,03-ui-modal-install-pwa.js,"Economia, flags, telas, modais, feedback, instalação e PWA",782,786,74b14eca640899d9af86eca51015759a3ae53f8c8bf1308ff6110a8aade59b30,1,0,0,0,0,0,0,0,0,0,0,updateInstallUI
toast,03-ui-modal-install-pwa.js,"Economia, flags, telas, modais, feedback, instalação e PWA",787,792,162f60ddcfee544cf2ef4fda292a872423cfc7ac4c8a529245788c27749ca8d5,0,0,0,0,0,0,0,0,0,0,0,
vibrate,03-ui-modal-install-pwa.js,"Economia, flags, telas, modais, feedback, instalação e PWA",793,795,34b0fcf685678b3725fa78c6b594ab9237817b93d663be4cbc7e707c508e3627,0,1,0,0,0,0,0,0,0,0,0,
beep,03-ui-modal-install-pwa.js,"Economia, flags, telas, modais, feedback, instalação e PWA",796,810,7641e79fcbc4fa97c74ba21eaa045a7df6809cebff9c70ab590d32f89a24cc81,0,2,0,0,0,0,0,1,2,0,0,
openModal,03-ui-modal-install-pwa.js,"Economia, flags, telas, modais, feedback, instalação e PWA",811,825,bc77fbfd5594f90a4150a28f40c4df65f5089bf749002969789a5a74afab8e43,1,3,0,0,0,0,0,0,0,0,4,scheduleStableResize
closeModal,03-ui-modal-install-pwa.js,"Economia, flags, telas, modais, feedback, instalação e PWA",826,843,180c51e9a3476ff02130ab90b5ad5b22a18c4eb91414e497a4be2165519a1bcb,4,4,1,0,0,0,0,0,0,0,4,cancelFishingSession | clearExtensionPreview | startEngineSound | stopFishingVisual
confirmModal,03-ui-modal-install-pwa.js,"Economia, flags, telas, modais, feedback, instalação e PWA",844,857,eac0174669e738a656e9fd2661e2b2666df9321c68e019f5750cbff8711cd2fb,4,1,0,0,0,0,0,0,1,0,1,closeModal | openModal
updateInstallUI,03-ui-modal-install-pwa.js,"Economia, flags, telas, modais, feedback, instalação e PWA",858,905,43ca89e641ba00e175bc20ffd9eedf5fbbddc77ce7587393fe778006662d0a4d,2,5,0,0,0,0,0,0,2,0,5,openModal | toast
isOfficialOtthiGameAddress,03-ui-modal-install-pwa.js,"Economia, flags, telas, modais, feedback, instalação e PWA",906,1032,f97a5c2f41b790f337fdeb8a6276a2936da737bb1b4c0f204686f642046d0f85,7,17,1,0,0,0,0,8,12,1,7,openModal | saveState | toast | updateInstallUI
localDateKey,03-ui-modal-install-pwa.js,"Economia, flags, telas, modais, feedback, instalação e PWA",1033,1033,f24870fde3d3a6cbe887725bbf09616a26faf466ed816c667f691d9dca98fa23,0,0,0,0,0,0,0,0,1,0,0,
daysBetween,03-ui-modal-install-pwa.js,"Economia, flags, telas, modais, feedback, instalação e PWA",1034,1034,a52cda6a525bfbcf374883b7a983ec9b577afa1fa52be8ac47cfa3ee4888799e,0,1,0,0,0,0,0,0,2,0,0,
ensureDailyChallenges,03-ui-modal-install-pwa.js,"Economia, flags, telas, modais, feedback, instalação e PWA",1035,1035,45c4292810d49031ee346144ac0c40e88d942a54db08fde05cba9f3d0ed443e4,3,1,0,0,0,0,1,0,1,0,3,daysBetween | localDateKey | saveState
dailyDefinition,03-ui-modal-install-pwa.js,"Economia, flags, telas, modais, feedback, instalação e PWA",1036,1036,186449dc3f6d3322c456a70aef0bed47167b264c7d8b32478a5764ceb5299d91,0,0,0,0,0,0,0,0,1,0,0,
trackDaily,03-ui-modal-install-pwa.js,"Economia, flags, telas, modais, feedback, instalação e PWA",1037,1042,daa968cdb1b1791548c36aa2fc53d0b4502cca1c75700887a9e5f969b2a558a6,3,5,0,0,0,1,0,0,1,0,0,ensureDailyChallenges | saveState | updateDailyBadge
updateDailyBadge,04-education-daily-quiz.js,"Desafios diários, educação, quiz e coleção",1043,1043,4ba20e166bc7fffc0d3c68ea498a51151a29c43ecd012379adbb4db627f24c07,1,2,0,0,0,0,0,0,1,0,1,ensureDailyChallenges
claimDailyQuest,04-education-daily-quiz.js,"Desafios diários, educação, quiz e coleção",1044,1057,16ca2fb6aae14083cf4af4b0966ca30eeb2a886ccc20e342d30a30cc9c93dfb7,9,1,0,0,0,0,0,0,1,0,1,addCoins | addReputation | addXP | beep | dailyDefinition | openDailyChallenges | saveState | toast | vibrate
seeded,04-education-daily-quiz.js,"Desafios diários, educação, quiz e coleção",1058,1058,1319f2287dd6d17f3249d661b9ccd1e0570aced548c2a22f4c34a5cceb90c7a3,0,0,0,0,0,0,0,0,1,0,0,
shuffled,04-education-daily-quiz.js,"Desafios diários, educação, quiz e coleção",1059,1059,f5ba217d0c1b7351f0c351f162b97a6fd7c040f3c31ab2414b56fd5025e124da,0,0,0,0,0,0,0,0,1,0,0,
choiceSet,04-education-daily-quiz.js,"Desafios diários, educação, quiz e coleção",1060,1060,f0e3d380b81a25743a6ec12ef46bd95a3eabb66b776dcb9dc58449c78a739e2e,2,0,0,0,0,0,0,0,1,0,0,shuffled
mathRound,04-education-daily-quiz.js,"Desafios diários, educação, quiz e coleção",1061,1069,cb4e37719f10ede6dd4b1ff7267304d38d5d572308beb5b8dd68be0e37a58b81,4,5,0,0,0,0,0,0,6,0,8,choiceSet
portugueseRound,04-education-daily-quiz.js,"Desafios diários, educação, quiz e coleção",1070,1078,8ce27614b02591038517ef164d3db00c52b68a45e8f72fefbe62296e361cf343,5,5,0,0,0,0,0,0,6,0,6,choiceSet | shuffled
englishRound,04-education-daily-quiz.js,"Desafios diários, educação, quiz e coleção",1079,1087,9908ca6746f7842521a7022c9d7c42a9dd53aab96166aa861ad17a04e85421a8,5,5,0,0,0,0,0,0,6,0,2,choiceSet
generateEducationRounds,04-education-daily-quiz.js,"Desafios diários, educação, quiz e coleção",1088,1088,28f0df96294862151095cffeb6f7d5a1108efddb10d1b85f6678f10a2630996a,1,0,0,0,0,0,0,0,1,0,2,seeded
subjectLevelRecord,04-education-daily-quiz.js,"Desafios diários, educação, quiz e coleção",1089,1089,95015b357984a841f0191b122fe466702923922ecd01495cffddce766f18c16a,0,0,0,0,0,0,0,0,1,0,0,
subjectUnlocked,04-education-daily-quiz.js,"Desafios diários, educação, quiz e coleção",1090,1090,d052304da0885e4d3b3fbc3f13fa65bffd5ba7dd84fa0fd1fa9336b9f57c9638,1,0,0,0,0,0,0,0,1,0,0,subjectLevelRecord
educationSummary,04-education-daily-quiz.js,"Desafios diários, educação, quiz e coleção",1091,1091,eadeaa0d7fdd42e56a9133be5bb845c571c8aed009b6df11f55339893434162b,1,1,0,0,0,2,0,0,1,0,0,subjectLevelRecord
speakKidWord,04-education-daily-quiz.js,"Desafios diários, educação, quiz e coleção",1092,1092,d35e7d0651948db93552b555d3c894120cb44bdeba8e3307f8ce1a49b98d3920,0,0,0,0,0,0,0,1,0,0,0,
dailyChallengesHtml,04-education-daily-quiz.js,"Desafios diários, educação, quiz e coleção",1093,1093,1758fae4f4623b7585c3edb5c03fa496c71a6489eaafafcb0a629bd6e86e31f5,2,0,0,0,0,0,0,0,2,0,5,dailyDefinition | ensureDailyChallenges
educationSubjectHtml,04-education-daily-quiz.js,"Desafios diários, educação, quiz e coleção",1094,1094,1a6b235640a8a6a9d25e1654ff52a6449f092c19fa97bba61af109988459c457,2,0,0,0,0,0,0,0,2,0,6,subjectLevelRecord | subjectUnlocked
openEducationHub,04-education-daily-quiz.js,"Desafios diários, educação, quiz e coleção",1095,1104,5aab4e342499a7fe3d23ec9f8169a0c60c29934abf17db6772c05ad8105d22d3,10,5,0,0,0,0,0,0,4,0,8,claimDailyQuest | dailyChallengesHtml | educationSubjectHtml | educationSummary | ensureDailyChallenges | openModal | openSocialHub | playerDisplayName | startSoloEducationGame
openChallengeHub,04-education-daily-quiz.js,"Desafios diários, educação, quiz e coleção",1105,1105,a34cdb9eeb74773ee6e2699bfe73f436fc509eba075a3b0e4afe5b26dbb2b611,1,0,0,0,0,0,0,0,0,0,1,openEducationHub
openDailyChallenges,04-education-daily-quiz.js,"Desafios diários, educação, quiz e coleção",1106,1106,7f1d0505db90ee99dd2ae316ea3dc980eed069445bbdfe07ba9206abe0c5fd7e,1,0,0,0,0,0,0,0,0,0,0,openEducationHub
runEducationGame,04-education-daily-quiz.js,"Desafios diários, educação, quiz e coleção",1107,1120,9cc111fec96ac5404c6a9a4e4049ab5e20099ccfbf5bbebfd27e55526b77186f,12,6,1,0,0,0,0,0,4,0,9,addXP | beep | escapeHtml | finishSoloEducationGame | generateEducationRounds | openModal | speakKidWord
startSoloEducationGame,04-education-daily-quiz.js,"Desafios diários, educação, quiz e coleção",1121,1121,f2bc35abc4bc0a470f453b8d01df32b9efbd92176929403e44a24b7a9f73bbd7,3,0,0,0,0,0,0,1,0,0,0,closeChallengePrompt | runEducationGame | toast
finishSoloEducationGame,04-education-daily-quiz.js,"Desafios diários, educação, quiz e coleção",1122,1124,057713f886c30f8f177f72c869aaac7df69be1a27ea9226184dc79539738efce,11,2,1,0,0,0,0,0,0,0,6,addCoins | addXP | awardMedal | openEducationHub | openModal | saveState | startSoloEducationGame | subjectLevelRecord
startCinematicEmote,04-education-daily-quiz.js,"Desafios diários, educação, quiz e coleção",1125,1127,344134866ae5365e6be02f99b8265335337b3959dfa45bbf47489ad4ceb76ffd,0,1,0,0,0,0,0,0,1,0,0,
triggerEmote,04-education-daily-quiz.js,"Desafios diários, educação, quiz e coleção",1128,1138,c10609ef6f1b21e0c2023565ea6d859ae2c386f5891e9255e635f18c6da399a1,5,4,0,0,0,0,0,0,0,0,4,addXP | beep | startCinematicEmote | toast | vibrate
openQuiz,04-education-daily-quiz.js,"Desafios diários, educação, quiz e coleção",1139,1141,760b3e3a3b448120eeceb4ec53e3b5662e77489b6fc0f834cea773295abec6f4,1,0,0,0,0,0,0,0,0,0,0,openEducationHub
openCollection,04-education-daily-quiz.js,"Desafios diários, educação, quiz e coleção",1142,1160,02540829698762db9439e5ee3698825ffb8193a47e75b4031bb397badd592f58,1,0,0,0,0,0,0,0,0,0,1,openModal
effectiveAvatarUniform,04-education-daily-quiz.js,"Desafios diários, educação, quiz e coleção",1161,1168,577cbb79a9a7e8c2feab8d7bd3b48f8678c8853ee9b4a527420753b57934644d,0,1,0,0,0,0,0,0,2,0,3,
avatarChoiceGroup,04-education-daily-quiz.js,"Desafios diários, educação, quiz e coleção",1169,1173,79d270ecaba86e81ca2f75573f0bbb24c9aef602c5a9a5711e01941702cad541,1,0,0,0,0,0,0,0,1,0,5,effectiveAvatarUniform
openAvatarStudio,05-avatar-life-customization.js,"Avatar, roupas, uniformes, vida, moldes e ajuda",1174,1183,e7a5aaf56c80c2d9327516ed5cc73c2591ef954e12909e480dd7a17d129728ae,14,0,0,0,0,0,0,0,0,0,2,applyAvatarCustomization | avatarChoiceGroup | closeModal | normalizeAvatarV2 | openModal | playerDisplayName | saveState | setFlag | toast | updateAvatarV2LegacyChoice
openLifePanel,05-avatar-life-customization.js,"Avatar, roupas, uniformes, vida, moldes e ajuda",1184,1199,cb1aec56636d7aa627fe46891f21e4729225304f81f3ec49eb3794c784238faa,3,2,0,0,0,1,0,0,0,0,1,closeModal | openModal | toast
openMolds,05-avatar-life-customization.js,"Avatar, roupas, uniformes, vida, moldes e ajuda",1200,1202,7d5589517ad570ca39b546026b25955780bbe71396068cc1d4847f76d9bb51a5,2,0,0,0,0,0,0,0,0,0,0,openModal | playerDisplayName
openHow,05-avatar-life-customization.js,"Avatar, roupas, uniformes, vida, moldes e ajuda",1203,1301,dea39d2e950108786717039dd71d5ba93c86520de197ab6474da7ed200799ca5,1,0,0,0,0,0,0,0,0,0,0,openModal
deriveMissionFlags,05-avatar-life-customization.js,"Avatar, roupas, uniformes, vida, moldes e ajuda",1302,1313,5071f2d1b8cb9878d509a86293d9991a7801b70cf2445dba09abfc7756113b7d,0,0,0,0,0,0,0,0,0,0,1,
evaluateMissions,05-avatar-life-customization.js,"Avatar, roupas, uniformes, vida, moldes e ajuda",1314,1331,95b41091544d7944944f6c0cd29a372d1c718be2e31189b51e2486511860b230,5,2,0,0,0,1,0,0,0,0,3,addCoins | awardMedal | deriveMissionFlags | toast | updateMissionHUD
updateMissionHUD,06-missions-profile-hud-inventory-tools.js,"Missões, objetivos, perfil, HUD, inventário e ferramentas",1332,1352,1e22e8ca5b33122cf60acc6cc13c5cf1297ed6a80ec00973d605ef390ddbcdc3,3,3,0,0,0,0,0,0,3,0,3,activeJobProgress | coopMissionProgressLabel | playerText
objectiveStatusLabel,06-missions-profile-hud-inventory-tools.js,"Missões, objetivos, perfil, HUD, inventário e ferramentas",1353,1353,f5cb500988025448bef8d81ddbf3ed6bf30c921042ce1ef6bbd15519d7f577b6,0,0,0,0,0,0,0,0,1,0,1,
skillMasterySummary,06-missions-profile-hud-inventory-tools.js,"Missões, objetivos, perfil, HUD, inventário e ferramentas",1354,1354,d6a50bd8331eb7b9707b773b5013b9b3fb1096c88d83bb0425bcb83b8775b0fc,0,0,0,0,0,0,0,0,1,0,1,
pinChapter,06-missions-profile-hud-inventory-tools.js,"Missões, objetivos, perfil, HUD, inventário e ferramentas",1355,1355,730e0bb570acb33b7ec6676ff1d8c29671bc95e65f543553b84ba02a61dd20dc,4,0,0,0,0,0,0,0,0,0,1,evaluateMissions | saveState | toast | updateMissionHUD
openObjectivesPanel,06-missions-profile-hud-inventory-tools.js,"Missões, objetivos, perfil, HUD, inventário e ferramentas",1356,1363,2484e9567cc95836f425d7d5c94a3ac528d175dd231a5785a2d48c2f4516ab8b,11,0,0,0,0,0,0,0,1,0,21,activeCoopMission | activeJobProgress | coopMissionBriefingMarkup | deriveMissionFlags | focusActiveJob | missionBriefingMarkup | openModal | pinChapter | playerText | skillMasterySummary
sanitizePlayerName,06-missions-profile-hud-inventory-tools.js,"Missões, objetivos, perfil, HUD, inventário e ferramentas",1364,1364,b107c5b4cd393643459918f0c4874ba03f365bc7259a8ab83fa9a0cfa0bd9be4,0,0,0,0,0,0,0,0,1,0,0,
hasValidPlayerName,06-missions-profile-hud-inventory-tools.js,"Missões, objetivos, perfil, HUD, inventário e ferramentas",1365,1365,73c3b68af88c0b16265afac8ad0b98589ddb79b351c1f039f52baaa1dea1b728,1,0,0,0,0,0,0,0,1,0,0,sanitizePlayerName
playerDisplayName,06-missions-profile-hud-inventory-tools.js,"Missões, objetivos, perfil, HUD, inventário e ferramentas",1366,1366,a9b5dd1c024eb709bd424944d0136077787a78ea6396f43a578a472aa91f9e20,2,0,0,0,0,0,0,0,1,0,1,hasValidPlayerName | sanitizePlayerName
playerText,06-missions-profile-hud-inventory-tools.js,"Missões, objetivos, perfil, HUD, inventário e ferramentas",1367,1367,2af737b2b5ac72a166fb4eaa81d9f9ec3f54260a743dbbf21f47c658b2bd1b9d,4,0,0,0,0,0,0,0,1,0,0,playerDisplayName
updatePlayerNameUI,06-missions-profile-hud-inventory-tools.js,"Missões, objetivos, perfil, HUD, inventário e ferramentas",1368,1368,cd63aa64f5dd80d47ad9384e6cc350b20efc0bc4774bd067f509817d9cea153e,7,7,0,0,0,0,0,0,0,0,8,accountStatusText | hasValidPlayerName | playerDisplayName
applyPlayerName,06-missions-profile-hud-inventory-tools.js,"Missões, objetivos, perfil, HUD, inventário e ferramentas",1369,1369,64d2d5aea6e5bf7f5f1c612220fb24570124418e035d1280926f3eb2fe395434,5,2,0,0,0,0,0,0,2,0,8,publicPlayerName | sanitizePlayerName | saveState | toast | updatePlayerNameUI
openPlayerNameModal,06-missions-profile-hud-inventory-tools.js,"Missões, objetivos, perfil, HUD, inventário e ferramentas",1370,1374,72d7ff402ad47a8fc14a09a536d321bb6b74ef3f24230f7fc40f007a37b68812,5,3,0,0,0,0,0,0,1,0,6,applyPlayerName | closeModal | hasValidPlayerName | openModal | toast
updateLobbyStats,06-missions-profile-hud-inventory-tools.js,"Missões, objetivos, perfil, HUD, inventário e ferramentas",1375,1381,bac8e72ed2b7bea39fb287b9d46ca352b4826a848b8e29a16dce9654ba8ecf17,1,0,0,0,0,0,0,0,0,0,0,updatePlayerNameUI
updateHUD,06-missions-profile-hud-inventory-tools.js,"Missões, objetivos, perfil, HUD, inventário e ferramentas",1382,1396,b57e8c63e974c3ab3a58ba1074f01e625fe7dd23eab6ac5b7f82798ac7c8c12e,2,1,0,0,0,0,0,0,0,0,2,updateMissionHUD | updatePlayerNameUI
openInventory,06-missions-profile-hud-inventory-tools.js,"Missões, objetivos, perfil, HUD, inventário e ferramentas",1397,1409,17c51da4edb0e51b1615adb371720af0ba3fd16c407736e9f009cf3f706e25d1,4,1,0,0,0,0,0,0,1,0,3,openModal | saveState | toast | updateHUD
equippedTool,06-missions-profile-hud-inventory-tools.js,"Missões, objetivos, perfil, HUD, inventário e ferramentas",1410,1410,f6e4074938f51cb58674268f1a7f4b2470485590f66d85dce08322cdf0ebc02f,0,0,0,0,0,0,0,0,1,0,1,
equipTool,06-missions-profile-hud-inventory-tools.js,"Missões, objetivos, perfil, HUD, inventário e ferramentas",1411,1413,06f37dde73ca0dd26b7f614fe952cd666f8bc1bd6175ecf5e2f5c9e3f22c30a1,3,2,0,0,0,0,0,0,2,0,0,refreshEquippedToolVisual | saveState | toast
openToolbelt,06-missions-profile-hud-inventory-tools.js,"Missões, objetivos, perfil, HUD, inventário e ferramentas",1414,1416,e1feac1e551b706320d206c61c82e614030555f6db28e758a6ead5ffe19c0789,3,0,0,0,0,0,0,0,0,0,2,closeModal | equipTool | openModal
refreshEquippedToolVisual,06-missions-profile-hud-inventory-tools.js,"Missões, objetivos, perfil, HUD, inventário e ferramentas",1417,1430,fa88ba59c04e0121e2169e23792620a4c047f52d0bbaa276454aaa4f24d0fa8d,7,4,2,0,0,0,0,0,1,0,4,box | renderMat
playToolAnimation,06-missions-profile-hud-inventory-tools.js,"Missões, objetivos, perfil, HUD, inventário e ferramentas",1431,1439,2dbd1c254e8689bfbbe82889db41f8df50a83120a74a078eeb4a537caed1884a,2,0,0,0,0,0,0,0,0,0,1,beep | vibrate
routeLength,06-missions-profile-hud-inventory-tools.js,"Missões, objetivos, perfil, HUD, inventário e ferramentas",1440,1440,2ede0493aa6e96907fd7077d32d6cdf7c26904155d07fb0078ce9238c3867b56,0,0,0,0,0,1,0,0,1,0,0,
compactRoute,06-missions-profile-hud-inventory-tools.js,"Missões, objetivos, perfil, HUD, inventário e ferramentas",1441,1441,37d93aedbb3c0ec357ddff4b38d8ca7d1abd7393da8130db488dc592249de6b3,0,2,0,0,0,1,0,0,1,0,0,
projectPointToSegment,06-missions-profile-hud-inventory-tools.js,"Missões, objetivos, perfil, HUD, inventário e ferramentas",1442,1442,ae6f7943580ea9b33ffdc59808b2f6accf8d7e89b80fc024ceaad7f459f42815,0,0,0,0,0,0,0,0,1,0,0,
navBlocked,06-missions-profile-hud-inventory-tools.js,"Missões, objetivos, perfil, HUD, inventário e ferramentas",1443,1443,3f2cce292d8c4e72ff8d160c69db50fd59b4526ce0abdd56926c013d252482f3,0,3,0,0,0,2,0,0,3,0,0,
segmentClear,06-missions-profile-hud-inventory-tools.js,"Missões, objetivos, perfil, HUD, inventário e ferramentas",1444,1444,13df9d1cfe7abd670f855ec471398629b5651cca61677f96ebb7892bf7cd76ce,1,1,0,0,0,1,0,0,2,0,0,navBlocked
nearestRoadProjection,06-missions-profile-hud-inventory-tools.js,"Missões, objetivos, perfil, HUD, inventário e ferramentas",1445,1445,300e49dc9cbf714d35350ac6e9bb8609f1d366e04edf8a1bd0cef77d82716c5f,2,1,0,0,0,1,0,0,1,0,1,projectPointToSegment | segmentClear
pointOnRoad,06-missions-profile-hud-inventory-tools.js,"Missões, objetivos, perfil, HUD, inventário e ferramentas",1446,1446,fac6693520607b94aec6b65d5900872f41f06b1fe35404b35b6a18a18245ceeb,0,0,0,0,0,0,0,0,1,0,0,
projectPointToPolyline,06-missions-profile-hud-inventory-tools.js,"Missões, objetivos, perfil, HUD, inventário e ferramentas",1447,1451,ae83f42fc4cb56d0bec1cde78df3d7f26a55ad8a51871985858dacd69a80b9e9,1,3,0,0,0,1,0,0,2,0,1,projectPointToSegment
snapTrafficToRoad,06-missions-profile-hud-inventory-tools.js,"Missões, objetivos, perfil, HUD, inventário e ferramentas",1452,1457,bad5234226cde3d59a9848299a80859662faba2a319563d7a1d21b3fefa853e9,4,3,0,0,0,0,0,0,3,0,4,nearestRoadProjection | pointOnRoad | projectPointToPolyline
trafficActorList,07-navigation-traffic-routes.js,"Rotas, trânsito, grafo, GPS e minimapa",1458,1469,f9a12701fa047a642286205b885474f81f295f67a5659f6299c99aaa2053a52d,0,6,0,0,0,5,0,0,2,0,6,
trafficPriority,07-navigation-traffic-routes.js,"Rotas, trânsito, grafo, GPS e minimapa",1470,1470,f66cfa99bb37724df2b05448b7d3cdfeb63eff3d20f642e94d769c32117a6e66,0,4,2,0,0,0,0,0,2,0,13,
trafficSpeedFactor,07-navigation-traffic-routes.js,"Rotas, trânsito, grafo, GPS e minimapa",1471,1480,cfdda7ff6c265e48a18f0a03b7091075d96feba2f6c3b9ddd56e97cf3af3ee4f,3,7,1,0,0,1,0,0,3,0,5,trafficActorList | trafficPriority
captureTrafficPositions,07-navigation-traffic-routes.js,"Rotas, trânsito, grafo, GPS e minimapa",1481,1481,39d1af7dd2818b6d392ac67a486193f78ec4e51dac0a3a2be517257555dbaa16,1,0,0,0,0,1,0,0,1,0,1,trafficActorList
resolveTrafficOverlaps,07-navigation-traffic-routes.js,"Rotas, trânsito, grafo, GPS e minimapa",1482,1492,6f64286ab911e756be497aa107bbcedef7968286d3e4f652abc9a2e2f4e8b922,8,7,1,0,0,4,0,0,0,0,15,pointOnRoad | snapTrafficToRoad | trafficActorList | trafficPriority
graphAdd,07-navigation-traffic-routes.js,"Rotas, trânsito, grafo, GPS e minimapa",1493,1493,e9cc15c1a0650d8efd89976f4e0a102868a55a1b0323ceb5028281a7e20466f2,0,2,0,0,0,0,0,0,0,0,0,
graphShortest,07-navigation-traffic-routes.js,"Rotas, trânsito, grafo, GPS e minimapa",1494,1494,837ca42fa998392c9428efc10228f8a695ad8e5e14ab86f3017bb59e4152d0e0,0,6,0,0,0,2,2,0,2,0,4,
buildRoutePoints,07-navigation-traffic-routes.js,"Rotas, trânsito, grafo, GPS e minimapa",1495,1506,7307c6bc3b7b996ef054393a91e6dce0c594d733c3399609abfea2de89a8c3c5,10,4,0,0,0,2,0,0,3,0,4,compactRoute | graphAdd | graphShortest | nearestRoadProjection
routeProgressInfo,07-navigation-traffic-routes.js,"Rotas, trânsito, grafo, GPS e minimapa",1507,1507,d540f23024f3941ff8f3cbf28f74b8a2429dc297ed963339f20f9e0b349bf2ef,2,2,0,0,0,1,0,0,2,0,5,projectPointToSegment | routeLength
remainingRoute,07-navigation-traffic-routes.js,"Rotas, trânsito, grafo, GPS e minimapa",1508,1508,3e1320a9a61c6b062032cf2f1d5b6f5a67a4f4092d18ff64dc66608fe83d8a87,2,0,0,0,0,0,0,0,1,0,0,compactRoute | routeProgressInfo
sampleRoute,07-navigation-traffic-routes.js,"Rotas, trânsito, grafo, GPS e minimapa",1509,1509,d68712875d0352d8ac25d46590a26960e7aa81265745bd9fadb02bab2635da76,0,0,0,0,0,2,0,0,1,0,0,
createRouteGuide,07-navigation-traffic-routes.js,"Rotas, trânsito, grafo, GPS e minimapa",1510,1510,c97d73b00f8de18d37474b29ad36cc971bd9d5c98f9b2d1402492e718c483b30,1,2,0,0,0,1,0,0,3,0,0,mat
updateRouteGuide,07-navigation-traffic-routes.js,"Rotas, trânsito, grafo, GPS e minimapa",1511,1511,2b295cd1209438292e5b2ea78e7c6c0c1a63b0772267e48b95148cf61b5f688c,6,4,0,0,0,0,0,0,3,0,1,buildRoutePoints | createRouteGuide | groundHeightAt | remainingRoute | routeProgressInfo | sampleRoute
miniPoint,07-navigation-traffic-routes.js,"Rotas, trânsito, grafo, GPS e minimapa",1512,1512,0b0fa9c64553a2818420ae2d32ebd492d6f6ff828bab78b674260da892282ce3,0,0,0,0,0,0,0,0,1,0,0,
miniMapLogicalSize,07-navigation-traffic-routes.js,"Rotas, trânsito, grafo, GPS e minimapa",1513,1513,e3e95bf5e27f3b64ca022870ec19cf05f78b2477e9b05cb7e70f24a760c3b557,0,1,0,0,0,0,0,0,1,0,0,
miniMapScale,07-navigation-traffic-routes.js,"Rotas, trânsito, grafo, GPS e minimapa",1514,1514,aeb7fb6232d29b4aaee1cfe92ec35721caf693a9463ff7d3ad4ab179457b84b6,0,0,0,0,0,0,0,0,1,0,0,
drawMiniMap,07-navigation-traffic-routes.js,"Rotas, trânsito, grafo, GPS e minimapa",1515,1523,6c5712595100b4e0023667be280afd35e694742a8bf21275f059dc4d52586c56,12,6,0,0,0,2,0,0,1,0,15,miniMapLogicalSize | miniMapScale | miniPoint | remainingRoute
updateNavigation,07-navigation-traffic-routes.js,"Rotas, trânsito, grafo, GPS e minimapa",1524,1524,c8ec2e6192c62ca34db203ebabe28e9c13ee73b520f9d48759e9a38f39a0344c,6,4,1,0,0,0,0,0,2,0,5,beep | drawMiniMap | routeProgressInfo | saveState | toast | updateRouteGuide
routeSvgMarkup,07-navigation-traffic-routes.js,"Rotas, trânsito, grafo, GPS e minimapa",1525,1587,41c24ef1f951fad5d831203fa5ccdec7867afb659db1561e60ad5eed6316a16e,2,0,0,0,0,0,0,0,1,0,0,playerDisplayName | worldToMap
mapLocationDetails,07-navigation-traffic-routes.js,"Rotas, trânsito, grafo, GPS e minimapa",1588,1588,df4909ac539192bdb9a2d6fc2d1d3954ec41c84075cea7f5388ec02e1103c33b,0,1,0,0,0,0,0,0,2,0,3,
worldToMap,07-navigation-traffic-routes.js,"Rotas, trânsito, grafo, GPS e minimapa",1589,1589,d464aca0b99cae39431872c7348c29ffa5c54952121116e19f23656a4557e85c,0,0,0,0,0,0,0,0,1,0,0,
missionMapLocations,07-navigation-traffic-routes.js,"Rotas, trânsito, grafo, GPS e minimapa",1590,1595,78ed0a33f8ce5ff3e7511b9ecda95dcb910e1214e02dd1984ba8284047c9a806,1,3,0,0,0,0,0,0,1,0,14,serviceVehicleMapLocation
onlinePlayerMapLocations,07-navigation-traffic-routes.js,"Rotas, trânsito, grafo, GPS e minimapa",1596,1596,b96cf2823cff98ca5a8655c683392f4b27c9c772177dd2787ea9172f0498666e,0,0,0,0,0,0,0,0,1,0,2,
currentMapLocations,07-navigation-traffic-routes.js,"Rotas, trânsito, grafo, GPS e minimapa",1597,1597,5fc295c822f888a83e35005d0619ada265145f657c04b07f707938f9e9f8c4f0,1,1,0,0,0,1,0,0,1,0,4,coopMissionMapLocations
mapDistance,07-navigation-traffic-routes.js,"Rotas, trânsito, grafo, GPS e minimapa",1598,1599,efe7e7b0451dc475a93f908c518665d2e9372daa1f32a3640b31d6e665eb8095,0,0,0,0,0,0,0,0,1,0,4,
mapMarkerPlacements,07-navigation-traffic-routes.js,"Rotas, trânsito, grafo, GPS e minimapa",1600,1635,8223c9dbc693ff1831de5b30e25294436d72aa0ff96384a5db1deded87d86f4d,1,5,2,0,0,4,0,0,4,0,13,worldToMap
applyMapMarkerPlacements,08-map-parent-settings.js,"Mapa, marcadores, waypoint, reset, ferramentas parentais e configurações",1636,1644,c445ca6a674f87cc1e820cb0a1181a478132c4059813de1f9675c0f24893d6b1,0,1,0,0,0,0,0,0,1,0,3,
mapVisualNodes,08-map-parent-settings.js,"Mapa, marcadores, waypoint, reset, ferramentas parentais e configurações",1645,1656,08af9b2516865e9f853b8c3f13e5dc31452cea7c04ba658efef97c829d3b9a0e,1,3,1,0,0,3,0,0,1,0,13,worldToMap
mapClusterSelectionMarkup,08-map-parent-settings.js,"Mapa, marcadores, waypoint, reset, ferramentas parentais e configurações",1657,1657,1429a90a41f534d5b27e383744b27c8545b4d4983df2650e467d5abc2de3ace1,3,0,0,0,0,0,0,0,1,0,0,mapDistance
mapSelectionMarkup,08-map-parent-settings.js,"Mapa, marcadores, waypoint, reset, ferramentas parentais e configurações",1658,1661,70d86120d763195dd2741ed62a7f124dc7bfad1806ba5722f4e483009eaf0fac,4,2,0,0,0,0,0,0,3,0,1,currentMapLocations | mapClusterSelectionMarkup | mapDistance | mapLocationDetails
setWaypoint,08-map-parent-settings.js,"Mapa, marcadores, waypoint, reset, ferramentas parentais e configurações",1662,1666,c57031c1311d5cd3ada61ccba5f7f862f803835de9fb14fc9bd527ebef80cb8a,7,1,0,0,0,0,0,0,1,0,4,buildRoutePoints | closeModal | currentMapLocations | saveState | toast | updateNavigation | updateWaypointMarker
clearWaypoint,08-map-parent-settings.js,"Mapa, marcadores, waypoint, reset, ferramentas parentais e configurações",1667,1667,f3c7a1f7b0b7ab9a0340535b332cead10fb0545383685af0e77386acc2dd24cd,5,0,0,0,0,0,0,0,0,0,0,closeModal | saveState | toast | updateNavigation | updateWaypointMarker
openMap,08-map-parent-settings.js,"Mapa, marcadores, waypoint, reset, ferramentas parentais e configurações",1668,1684,9d6cd762830b24e27014fe87fb12ebab7b1d1ed3ca44674407946ca8aa3405a9,16,4,0,0,0,0,0,0,4,0,28,applyMapMarkerPlacements | buildRoutePoints | currentMapLocations | mapDistance | mapMarkerPlacements | mapSelectionMarkup | mapVisualNodes | openModal | routeProgressInfo | routeSvgMarkup | setWaypoint | worldToMap
refreshOpenMapAfterResize,08-map-parent-settings.js,"Mapa, marcadores, waypoint, reset, ferramentas parentais e configurações",1685,1687,de65befdfed1c4843c6f6274dfdbb9ce856df2cee05c9df78d078369a67d9e2e,1,2,0,0,0,0,0,0,1,0,0,openMap
performLocalReset,08-map-parent-settings.js,"Mapa, marcadores, waypoint, reset, ferramentas parentais e configurações",1688,1690,7ea1b093c6d20b0154861c6d5f53327ca6bac14e59208c1f00dd1ebafdca3033,0,0,0,0,0,0,0,0,1,0,4,
openFinalResetConfirmation,08-map-parent-settings.js,"Mapa, marcadores, waypoint, reset, ferramentas parentais e configurações",1691,1696,c93eadedff3c2720dc0496dd1082719a7c3bf09ae6396db7e251c5e7d10e14b8,4,3,0,0,0,0,0,0,2,0,1,commitState | confirmModal | openModal | performLocalReset
formatPlayTime,08-map-parent-settings.js,"Mapa, marcadores, waypoint, reset, ferramentas parentais e configurações",1697,1725,4554d95144ca15b349657bb37a284682cb0006535757b6d220abfaf5b81aa431,22,7,0,0,0,0,0,4,6,0,59,accountLinked | confirmModal | escapeHtml | normalizeState | openFinalResetConfirmation | openModal | openSettings | publicPlayerName | saveState | toast
openParentGate,08-map-parent-settings.js,"Mapa, marcadores, waypoint, reset, ferramentas parentais e configurações",1726,1736,0b2ef98c62b701e5504b6257a4c0e41a6b77dbe079c43e412c23f61f6813cfdc,5,5,0,0,0,0,0,0,3,0,5,accountLinked | openModal | openSettings
openSettings,08-map-parent-settings.js,"Mapa, marcadores, waypoint, reset, ferramentas parentais e configurações",1737,1787,c7bf81d9a9a1b7ffc5679bc0cc352418c927c580318873cf9d258757b55b9ed9,28,11,6,0,0,0,0,0,0,0,12,accountStatusText | applyQuality | closeChallengePrompt | closeModal | commitState | hasValidPlayerName | multiplayerStatusText | openAccountCenter | openEducationHub | openModal | openParentGate | openPlayerNameModal | qualityLabel | qualityTier | requestedQuality | returnHome | savePlayerPosition | saveState | stopGame | toast
syncMobilePanels,08-map-parent-settings.js,"Mapa, marcadores, waypoint, reset, ferramentas parentais e configurações",1788,1836,1018bae533ef51636a97c9b90f39edd5c0e2700a604a9df67c37ab3e85d1d4d5,4,16,0,0,0,0,0,1,1,2,5,openObjectivesPanel | saveState
otthiGameModelUrl,09-responsive-ar-quality-diagnostics.js,"Responsividade, AR, modos, qualidade, LOD e diagnóstico",1837,1840,f7c7a2f93c24b7f370878a3d4b098216513f22042b849862c939472063b32544,0,0,0,0,0,0,0,0,1,0,0,
androidSceneViewerUrl,09-responsive-ar-quality-diagnostics.js,"Responsividade, AR, modos, qualidade, LOD e diagnóstico",1841,1850,cab02aabd5229fb88a788ea44abbf8bdf2d20757ece3f8b267735909b0c5502e,1,0,0,0,0,0,0,0,1,0,0,otthiGameModelUrl
isAndroidDevice,09-responsive-ar-quality-diagnostics.js,"Responsividade, AR, modos, qualidade, LOD e diagnóstico",1851,1854,678de1182e5967fe30b5c3b7f13a9490a40a04cf4abd60ada3ce860df2e16fcf,0,0,0,0,0,0,0,0,1,0,0,
openAndroidSceneViewer,09-responsive-ar-quality-diagnostics.js,"Responsividade, AR, modos, qualidade, LOD e diagnóstico",1855,1896,67b5d2316564b47d167075b6dd02c98b37b7e96df7744dd6cca2024ed5a9815e,5,5,0,0,0,0,0,2,4,0,3,androidSceneViewerUrl | isAndroidDevice | openModal | toast
detectStableAutoTier,09-responsive-ar-quality-diagnostics.js,"Responsividade, AR, modos, qualidade, LOD e diagnóstico",1897,1916,3fb386a76806d4faa90d797e83ef8bf10cc014e7822ede70c2c7a67352dbf9ad,0,2,0,0,0,0,0,0,3,0,1,
vehiclePlayerMode,09-responsive-ar-quality-diagnostics.js,"Responsividade, AR, modos, qualidade, LOD e diagnóstico",1917,1923,1792c94b6399f34da58d2cf3f75dd256e5182d19eb4c34a3127f964307300a55,0,3,0,0,0,0,0,0,4,0,3,
derivePlayerMode,09-responsive-ar-quality-diagnostics.js,"Responsividade, AR, modos, qualidade, LOD e diagnóstico",1924,1934,d8b5fd0b569697623a12545bb257179feff1ae20eec0f4969575d01672d2901e,1,8,0,0,0,0,0,0,9,0,4,vehiclePlayerMode
auditPlayerMode,09-responsive-ar-quality-diagnostics.js,"Responsividade, AR, modos, qualidade, LOD e diagnóstico",1935,1950,8fc05ff193a13d267dcca489ab4a80df78c788a169cea00720dbe0951944e714,1,7,0,0,0,0,0,0,1,0,2,derivePlayerMode
isOnFootMode,09-responsive-ar-quality-diagnostics.js,"Responsividade, AR, modos, qualidade, LOD e diagnóstico",1951,1951,fc72998dbfc289b88836e1c46012dbc2f27f9b020ef22bcd147031f3605902e9,1,0,0,0,0,0,0,0,1,0,0,derivePlayerMode
canEnterMobility,09-responsive-ar-quality-diagnostics.js,"Responsividade, AR, modos, qualidade, LOD e diagnóstico",1952,1956,fc74d45ff2a96e8cacfe43b03834e04395ec3f86192e500a3904aec726155c6c,2,1,0,0,0,0,0,0,2,0,0,auditPlayerMode | isOnFootMode
cameraRelativeVector,09-responsive-ar-quality-diagnostics.js,"Responsividade, AR, modos, qualidade, LOD e diagnóstico",1957,1961,d12be657afc2fa5132e5aa2b603d44ad5d7db4f9a464ef9c511c0da48c6bbe95,0,0,0,0,0,0,0,0,1,0,2,
normalizeControlIntent,09-responsive-ar-quality-diagnostics.js,"Responsividade, AR, modos, qualidade, LOD e diagnóstico",1962,1969,044d373a30c759a4f15e259bfcb02422dd5aecb14192afd8cf8100e0004848af,2,2,0,0,0,0,0,0,3,0,3,cameraRelativeVector | derivePlayerMode
requestedQuality,09-responsive-ar-quality-diagnostics.js,"Responsividade, AR, modos, qualidade, LOD e diagnóstico",1970,1970,d6cbed7d979eac236dc2a09405936853236e88b0ace9911cd864446a1866466d,0,0,0,0,0,0,0,0,1,0,1,
qualityLabel,09-responsive-ar-quality-diagnostics.js,"Responsividade, AR, modos, qualidade, LOD e diagnóstico",1971,1971,09565c1bdd89c30d33b5cf9a1b837c8c9fbdfa0a25b2b125628848b220922963,4,0,0,0,0,0,0,0,1,0,4,qualityTier | requestedQuality
qualityTier,09-responsive-ar-quality-diagnostics.js,"Responsividade, AR, modos, qualidade, LOD e diagnóstico",1972,1972,4da09946d0c2be9f662b972f4487eaca4f96ea130cc180ca8064e0a52fe9d7ec,1,0,0,0,0,0,0,0,1,0,2,requestedQuality
targetDpr,09-responsive-ar-quality-diagnostics.js,"Responsividade, AR, modos, qualidade, LOD e diagnóstico",1973,1978,a918b70208511048bc05efb18889aae41dc22b82662a7a268afa713e0b76816e,1,2,0,0,0,0,0,0,3,0,3,qualityTier
applyAdaptiveRenderSettings,09-responsive-ar-quality-diagnostics.js,"Responsividade, AR, modos, qualidade, LOD e diagnóstico",1979,1988,2b3682c3e7709c62e3f76bbb8a12254c6a9ca002ce141a113f20b13e42fa71ec,4,4,0,0,0,0,0,0,1,0,5,applyVisualQualityBudget | qualityTier | scheduleStableResize | targetDpr
samplePerformance,09-responsive-ar-quality-diagnostics.js,"Responsividade, AR, modos, qualidade, LOD e diagnóstico",1989,2008,248858d88334f422d014cf624e048900517c00567ca0d4c8b7fa5d587122454a,7,6,2,0,0,0,0,0,2,0,7,applyAdaptiveRenderSettings | lockStableSceneVisibility | requestedQuality | saveState | toast
lockStableSceneVisibility,09-responsive-ar-quality-diagnostics.js,"Responsividade, AR, modos, qualidade, LOD e diagnóstico",2009,2015,33be62831ccda1c5e927b428e46b9c9f6323c5435e601971c0c6a8eeb9a27cfc,4,4,0,0,0,3,0,0,0,0,4,qualityTier | visualQualityProfile
freezeWorldFrustumCulling,09-responsive-ar-quality-diagnostics.js,"Responsividade, AR, modos, qualidade, LOD e diagnóstico",2016,2031,7c747d23a6e0ffb97e0acbf48b46b6035d5dddf7f82fec8a38785c58f1d81f7e,0,4,1,0,0,0,0,1,2,0,3,
updateVisualLOD,09-responsive-ar-quality-diagnostics.js,"Responsividade, AR, modos, qualidade, LOD e diagnóstico",2032,2038,fea667b41dd2fa289ea75ce5c1af6088517530c725ef7bbe1702e2107b28a057,2,1,0,0,0,1,0,0,0,0,0,updateManagedOutlineVisibility | updateManagedVisualLODs
pwaInstalled,09-responsive-ar-quality-diagnostics.js,"Responsividade, AR, modos, qualidade, LOD e diagnóstico",2039,2039,8c49a1e05e1b0af685b5d6910e282829fcf633a1b23627a9f4babfa3c63efa94,0,0,0,0,0,0,0,0,1,0,0,
activeVehicleCount,09-responsive-ar-quality-diagnostics.js,"Responsividade, AR, modos, qualidade, LOD e diagnóstico",2040,2040,fa30c1c01b737aa69666712d7253fe7c4e85ee61349239649817441c3e5cc59f,0,0,0,0,0,0,0,0,1,0,10,
runtimeDiagnostics,09-responsive-ar-quality-diagnostics.js,"Responsividade, AR, modos, qualidade, LOD e diagnóstico",2041,2044,9ba0d99ad90b105961c131d4bc7cce0ca237a768636e582b5b45f2c037bfa99c,5,0,0,0,0,0,0,0,1,0,8,activeVehicleCount | auditPlayerMode | avatarFoundationDiagnostics | pwaInstalled | visualFoundationDiagnostics
ensureTechnicalPanel,09-responsive-ar-quality-diagnostics.js,"Responsividade, AR, modos, qualidade, LOD e diagnóstico",2045,2047,b5cf055a1e8b40c34920c7db7e3f54bc5ca9f758bbd9a46ad45ff02093de6d38,1,1,0,0,0,0,0,0,2,0,0,toggleTechnicalPanel
refreshTechnicalPanel,09-responsive-ar-quality-diagnostics.js,"Responsividade, AR, modos, qualidade, LOD e diagnóstico",2048,2048,727dc5923f03b239374612d35d120ae62b227c9d3d0e4d7b305e12e6a5329b48,3,1,0,0,0,0,0,0,1,0,9,ensureTechnicalPanel | qualityTier | runtimeDiagnostics
toggleTechnicalPanel,09-responsive-ar-quality-diagnostics.js,"Responsividade, AR, modos, qualidade, LOD e diagnóstico",2049,2049,fbf79cd28092fa353c51ad6219dbf8350adb74ff343bab827a3febf77f8b7eb7,2,1,0,0,0,0,0,0,0,0,1,ensureTechnicalPanel | refreshTechnicalPanel
initTechnicalPanel,09-responsive-ar-quality-diagnostics.js,"Responsividade, AR, modos, qualidade, LOD e diagnóstico",2050,2053,e806ad62676d9a97659f6740523360cc7c26ff623da951fd16edc922dc2cb02b,2,2,0,0,0,0,0,0,0,0,1,toggleTechnicalPanel
playerScaleValue,09-responsive-ar-quality-diagnostics.js,"Responsividade, AR, modos, qualidade, LOD e diagnóstico",2054,2056,5815e7ad5d228b3f24130b5bb6d4f980eaf2f6920c925f201626ff675cb7436c,0,0,0,0,0,0,0,0,1,0,2,
skillReady,09-responsive-ar-quality-diagnostics.js,"Responsividade, AR, modos, qualidade, LOD e diagnóstico",2057,2057,f651222a6039695ce52bee0344619aa208807ea4001fc3d654915974f09c2352,1,1,0,0,0,0,0,0,2,0,0,toast
recordAdvancedSkill,09-responsive-ar-quality-diagnostics.js,"Responsividade, AR, modos, qualidade, LOD e diagnóstico",2058,2063,98c9968c6d57e9f3d5b3038eb4cfd1c6e6e80d7826115b803c296d7b6746ba78,4,0,0,0,0,1,0,0,0,0,0,advanceAdventure | saveState | trackDaily | updateAbilityUI
collectCrystal,09-responsive-ar-quality-diagnostics.js,"Responsividade, AR, modos, qualidade, LOD e diagnóstico",2064,2066,c7a44894ae68393f9c648afb9cff6cd3959ef778339412ae131f1f3077af1c13,9,1,0,0,0,0,0,0,2,0,0,addCoins | addXP | beep | checkActiveJob | evaluateMissions | saveState | toast | trackDaily | vibrate
syncPlayerRootScale,09-responsive-ar-quality-diagnostics.js,"Responsividade, AR, modos, qualidade, LOD e diagnóstico",2067,2076,4cb830f8f6d798486f0df2bf8ed1bba2ca700da510f10b175ea996908c0a557d,1,2,0,0,0,0,0,0,2,0,1,playerScaleValue
setScaleMode,10-player-skills.js,"Escala, Mini/Normal/Grande, abaixar, girar e domínio de skills",2077,2096,f523f3eeba32415214dfe3eb3def188fe0453c38ae9f1d3aa1e85f3b0d893775,21,10,2,0,0,2,0,0,7,0,2,beep | damageEnemy | recordAdvancedSkill | saveState | skillReady | spawnDust | toast | trackDaily | updateAbilityUI | vibrate
toggleCrouch,10-player-skills.js,"Escala, Mini/Normal/Grande, abaixar, girar e domínio de skills",2097,2106,1ef8bb44a84c7198d5712ff67b784ece34b6c1e70db886f7c2033db2fc0acb21,11,3,0,0,0,0,0,0,3,0,2,beep | playerDisplayName | recordAdvancedSkill | saveState | skillReady | toast | updateAbilityUI
spinPlayer,10-player-skills.js,"Escala, Mini/Normal/Grande, abaixar, girar e domínio de skills",2107,2113,79e944e72f906c16eedbed0924de0d7d20997e73577a48a0520023ad26fcd82c,7,3,0,0,0,2,0,0,1,0,1,addXP | beep | collectCrystal | damageEnemy | recordAdvancedSkill | skillReady | toast
updateAbilityUI,10-player-skills.js,"Escala, Mini/Normal/Grande, abaixar, girar e domínio de skills",2114,2120,97454a6906495269794f04008b301ee806151c1df0793f76dfbfd9ea2f436762,0,2,0,0,0,2,0,0,0,0,11,
canvasTexture,10-player-skills.js,"Escala, Mini/Normal/Grande, abaixar, girar e domínio de skills",2121,2157,6b8c319eeaebeb46ff42aed9ac4b1acb0a9b09dad72f82d7df7cd5b275ab5746,0,11,9,0,0,24,0,0,2,0,8,
professionalTexture,11-render-materials-player-model.js,"Texturas, materiais, geometria, personagem e avatar 3D",2158,2165,d7d8be28f08baf740da47d92a42b8a7f705572f7e78ad34208e462c5dfa5e36a,4,1,1,0,0,0,0,0,1,0,6,canvasTexture | registerVisualAsset | updateVisualAsset
initMaterials,11-render-materials-player-model.js,"Texturas, materiais, geometria, personagem e avatar 3D",2166,2212,f9d70dd8d5d1005fb1299b2e0c2419fcb3cdb10022c9d13879e4db640741a0a0,24,0,0,0,0,1,0,0,0,0,0,canvasTexture | professionalTexture | registerVisualAsset
mat,11-render-materials-player-model.js,"Texturas, materiais, geometria, personagem e avatar 3D",2213,2221,ccbcd0cde60281ee6a11b021fd69fdeaa2e6aeee16e75fb6dd98e6f55c06c6e0,0,0,0,0,0,0,0,0,1,0,12,
geometryKey,11-render-materials-player-model.js,"Texturas, materiais, geometria, personagem e avatar 3D",2222,2222,8e425407cc95b9403e59cd02664269b57db099940bd81deaecb992a5c8466ec5,0,0,0,0,0,0,0,0,1,0,0,
sharedBoxGeometry,11-render-materials-player-model.js,"Texturas, materiais, geometria, personagem e avatar 3D",2223,2228,d5e9938cf23c59c4a7dafe8714a00216a5acb2027b0b49c206f184ae35498a4d,1,1,1,0,0,0,0,0,1,0,0,geometryKey
sharedCylinderGeometry,11-render-materials-player-model.js,"Texturas, materiais, geometria, personagem e avatar 3D",2229,2234,97756e27dc3047bfc0804fe8f30634b048b97f639a607133242b6a63d065a3b1,1,1,1,0,0,0,0,0,1,0,0,geometryKey
renderMat,11-render-materials-player-model.js,"Texturas, materiais, geometria, personagem e avatar 3D",2235,2241,5a0b33c405a907bee654121b990af8a0d5e50fe8d5e20850905a2fa816c7ddfd,1,1,1,0,0,0,0,0,1,0,13,mat
tintedBrickMaterial,11-render-materials-player-model.js,"Texturas, materiais, geometria, personagem e avatar 3D",2242,2246,5d8e643058547dc96bc2b7f194afd03c9bf9539d8c45842e95fd691482558050,0,1,0,0,0,0,0,0,1,0,1,
texturedRoofMaterial,11-render-materials-player-model.js,"Texturas, materiais, geometria, personagem e avatar 3D",2247,2249,ada482881850c4643078291578c69818bdb7692440d46dfa8b225318352dc084,0,1,0,0,0,0,0,0,1,0,0,
visualCacheHasValue,11-render-materials-player-model.js,"Texturas, materiais, geometria, personagem e avatar 3D",2250,2254,4e4af890b864b37aa50e3ce538e1ddc04e296061e19a49916344201b3d85e124,0,2,0,0,0,1,0,0,3,0,0,
visualCacheOwnsGeometry,11-render-materials-player-model.js,"Texturas, materiais, geometria, personagem e avatar 3D",2255,2257,06a2f9cd05911d4e0788a892d484437e6f867f55ce8854fe9f9ad08912d73649,3,0,0,0,0,0,0,0,1,0,0,visualCacheHasValue
visualCacheOwnsMaterial,11-render-materials-player-model.js,"Texturas, materiais, geometria, personagem e avatar 3D",2258,2260,c100ca6c18942147ad1d8815961123f0f42a49b16d6c122beb50484ba4066cd0,4,0,0,0,0,0,0,0,1,0,0,visualCacheHasValue
visualCacheOwnsTexture,11-render-materials-player-model.js,"Texturas, materiais, geometria, personagem e avatar 3D",2261,2261,27408280f123162d2837ae32a0b2b011c10fb2b007f47709f45acaa01e8f1ad4,0,0,0,0,0,0,0,0,1,0,1,
disposeDetachedVisual,11-render-materials-player-model.js,"Texturas, materiais, geometria, personagem e avatar 3D",2262,2281,952a70d14f7b747ab1436c32618011906ad1d6aa3e123469931a324a2ac89a80,3,6,0,0,0,1,0,0,1,0,7,visualCacheOwnsGeometry | visualCacheOwnsMaterial | visualCacheOwnsTexture
addSoftHighlight,11-render-materials-player-model.js,"Texturas, materiais, geometria, personagem e avatar 3D",2282,2286,0f4e55416b338f5e7b7d4554d6e77b82d7d2a7b66491bec8cf275049052a8278,1,0,0,0,0,0,0,0,1,0,0,sharedBoxGeometry
box,11-render-materials-player-model.js,"Texturas, materiais, geometria, personagem e avatar 3D",2287,2291,90ff764ba4b6965634827fcf32bd1b4437033126d6f6bc2f36d027215aa20de1,2,0,0,0,0,0,0,0,1,0,1,renderMat | sharedBoxGeometry
stabilizeSurface,11-render-materials-player-model.js,"Texturas, materiais, geometria, personagem e avatar 3D",2292,2292,063e5c2d7aea4e6483624866ae0a9bf1783652ff65e090e0c46d45126a726f31,0,1,0,0,0,0,0,0,2,0,0,
stableBox,11-render-materials-player-model.js,"Texturas, materiais, geometria, personagem e avatar 3D",2293,2293,d17297ba89d597581799aeaa3dc6ae21344cd0076828e8ebbaf2e0b6e1082ca1,2,0,0,0,0,0,0,0,1,0,0,box | stabilizeSurface
cylinder,11-render-materials-player-model.js,"Texturas, materiais, geometria, personagem e avatar 3D",2294,2298,d30144d0f1963f85608c8e5178f898f862333f1d3b5d27c9b06850533980331e,2,0,0,0,0,0,0,0,1,0,1,renderMat | sharedCylinderGeometry
addGlow,11-render-materials-player-model.js,"Texturas, materiais, geometria, personagem e avatar 3D",2299,2302,5eb86b0da8ba35e4dd6dec6244ca13af4e9ff9ce85ec5db0b84ab599265b5119,0,0,0,0,0,0,0,0,1,0,0,
addVoxelOutline,11-render-materials-player-model.js,"Texturas, materiais, geometria, personagem e avatar 3D",2303,2312,12a0f27b9b65220f9db863980af3b04c850b8d010a815f5c66ee1b003a1b2ae8,0,3,0,0,0,0,0,0,2,0,2,
premiumBox,11-render-materials-player-model.js,"Texturas, materiais, geometria, personagem e avatar 3D",2313,2315,3356005ccb5b35e1281f40a57cba8e37dbed53e869098e76a89b48a9b374af7a,2,0,0,0,0,0,0,0,1,0,0,addVoxelOutline | box
premiumCylinder,11-render-materials-player-model.js,"Texturas, materiais, geometria, personagem e avatar 3D",2316,2318,0c65c975b63682e41a467880ad98217511ed22dd47434f339435cd6ab3c7fa25,2,0,0,0,0,0,0,0,1,0,0,addVoxelOutline | cylinder
makeWindow,11-render-materials-player-model.js,"Texturas, materiais, geometria, personagem e avatar 3D",2319,2322,96c8320748e636c8b64af95a7c88d276335404ff9bbb7154a288cabdbed7cad8,5,0,0,0,0,0,0,0,1,0,0,mat | premiumBox
makePlanter,11-render-materials-player-model.js,"Texturas, materiais, geometria, personagem e avatar 3D",2323,2326,50113dc7096c7fb694ec333c49bd6157dbea7e0c43ef38e079e0ff99780c80bb,3,0,0,0,0,1,0,0,1,0,0,premiumBox
createPlayerModel,11-render-materials-player-model.js,"Texturas, materiais, geometria, personagem e avatar 3D",2327,2389,60f3b7efe1e8f90c2f56b96380e838fef39bcde98a7340b6870f7efc2d6f3d03,63,3,0,0,0,2,0,0,0,0,0,addSoftHighlight | addVoxelOutline | box | createAvatarRigFoundation | mat | multiplayerNameTexture | playerDisplayName | refreshEquippedToolVisual | renderMat | sharedCylinderGeometry
loadFaithfulAthosModel,11-render-materials-player-model.js,"Texturas, materiais, geometria, personagem e avatar 3D",2390,2395,966f26f1bd778482cd03feafa29cb2763938b0fe54313dfbebb26eff4dcf6374,0,0,0,0,0,0,0,0,1,0,0,
clearAvatarLayer,11-render-materials-player-model.js,"Texturas, materiais, geometria, personagem e avatar 3D",2396,2403,5dac3c77dba163681dc1a24c9517d060064f0137a136cf86669f65e8b7822d85,2,2,0,0,0,1,0,1,0,0,4,disposeDetachedVisual
avatarPartLayer,11-render-materials-player-model.js,"Texturas, materiais, geometria, personagem e avatar 3D",2404,2408,a7be600f9b32832087c27ad0c544c07ff586ea93ce870d8fbf4e84a296e24c57,0,1,0,0,0,0,0,0,1,0,1,
addUniformPatch,11-render-materials-player-model.js,"Texturas, materiais, geometria, personagem e avatar 3D",2409,2412,72b340a0364f47ebe346485081b9c0675e62646b0036a0745bc53ad0889ac618,1,0,0,0,0,0,0,0,1,0,0,signTexture
addUniformLimb,11-render-materials-player-model.js,"Texturas, materiais, geometria, personagem e avatar 3D",2413,2415,d94d77d867dc2cebdaaca23ee1ad13a2465505f3f5172f18b15f72dd562f2a67,2,1,0,0,0,0,0,0,0,0,0,box
uniformPalette,11-render-materials-player-model.js,"Texturas, materiais, geometria, personagem e avatar 3D",2416,2428,7f32129ea3d70f867e88aad42a122b467d38a973f9794a22eb2ec5c2d6e0adf8,0,0,0,0,0,0,0,0,1,0,0,
dressAnimatedAvatar,11-render-materials-player-model.js,"Texturas, materiais, geometria, personagem e avatar 3D",2429,2449,a07d7ab90e03b632518b2e871f1474cb752f7b11af7667ead1d732404a056882,21,4,0,0,0,2,0,0,2,0,4,avatarPartLayer | box | mat | uniformPalette
applyAvatarCustomization,11-render-materials-player-model.js,"Texturas, materiais, geometria, personagem e avatar 3D",2450,2480,ac865d4ba468a1f8cfa244bce8f739c8004403fa742ad1207fec1326e8fd92e5,47,19,12,0,0,1,0,0,1,0,5,addUniformPatch | box | clearAvatarLayer | dressAnimatedAvatar | effectiveAvatarUniform | mat
registerCollider,11-render-materials-player-model.js,"Texturas, materiais, geometria, personagem e avatar 3D",2481,2481,689be4fd2277be1abb76d9b25ef10f060c89dd01a11aecec2175dcf658521dd2,0,0,0,0,0,0,0,0,0,0,0,
registerPlatform,11-render-materials-player-model.js,"Texturas, materiais, geometria, personagem e avatar 3D",2482,2482,32ed9ea829eef6af389184e521ba3b6396edbcdf1d565d2e4a2b3c24381d599c,0,0,0,0,0,0,0,0,0,0,0,
registerInteractable,11-render-materials-player-model.js,"Texturas, materiais, geometria, personagem e avatar 3D",2483,2483,0c7bca287f32fbc1d7f2a296644c00a4ee4fc49229ea8f4ca84be1ac14695bce,0,0,0,0,0,0,0,0,1,0,0,
worldPos,11-render-materials-player-model.js,"Texturas, materiais, geometria, personagem e avatar 3D",2484,2487,89b409add31953c989558e51d96c428151e07a25d43c01437987a6ea62d43e1c,0,1,0,0,0,0,0,0,2,0,0,
isInteractionAvailable,11-render-materials-player-model.js,"Texturas, materiais, geometria, personagem e avatar 3D",2488,2494,0bc9c4108f8b797886b772ec47fbd9fcb6a35d9a8189e5e1c32db6eae379c4c4,0,2,0,0,0,0,0,0,3,0,0,
ensureFlowerBatch,11-render-materials-player-model.js,"Texturas, materiais, geometria, personagem e avatar 3D",2495,2508,f5f027138c25b8037b8d0d5446a71c28c09e325c6b35c6eeebc679ffa0e3669b,4,2,0,0,0,0,0,0,1,0,0,renderMat | sharedBoxGeometry
createTree,11-render-materials-player-model.js,"Texturas, materiais, geometria, personagem e avatar 3D",2509,2530,e562d9675157f7dbb6c44e390cbaf8537768579a42bfcc9378b9ba00b5a4b54c,17,2,0,0,0,0,0,0,1,0,5,box | collectResource | createManagedLOD | registerInteractable | renderMat
createRock,12-world-resources-nature.js,"Interações do mundo, árvores, rochas, mina, poço, ruas, água e móveis",2531,2536,a3a21577ce0ca64d27d14f471736614739f3320dea8dbab1e5f8e28d2bb15111,4,1,0,0,0,0,0,0,1,0,0,collectResource | createManagedLOD | registerInteractable | sharedBoxGeometry
createGoldFoundry,12-world-resources-nature.js,"Interações do mundo, árvores, rochas, mina, poço, ruas, água e móveis",2537,2544,c6708dcc4c186cd09e7e82c7e0305086d875a690bb590f44918610a525f83e16,13,0,0,0,0,0,0,0,1,0,0,premiumBox | registerCollider | registerInteractable | renderMat | signTexture | texturedRoofMaterial
createGoldMine,12-world-resources-nature.js,"Interações do mundo, árvores, rochas, mina, poço, ruas, água e móveis",2545,2558,e7b1ac3b0eba38871aa219d17900abd1999570c6bf84966c93305906b9460bd8,13,0,0,0,0,2,0,0,1,0,0,collectResource | createLamp | createSignpost | premiumBox | registerInteractable | renderMat
createVillageWell,12-world-resources-nature.js,"Interações do mundo, árvores, rochas, mina, poço, ruas, água e móveis",2559,2567,cd31b0e55f9453c734da0acc22877d7047122c95832aca3e2b327d2cef939e49,10,0,0,0,0,1,0,0,1,0,0,createSignpost | premiumBox | premiumCylinder | registerInteractable
drawWaterFromWell,12-world-resources-nature.js,"Interações do mundo, árvores, rochas, mina, poço, ruas, água e móveis",2568,2572,2bd36712919e8c2ec03acf3fed34f96eee3d20690156cf4a0b734200418e30d0,8,3,0,0,0,0,0,0,2,0,0,addXP | advanceAdventure | playToolAnimation | saveState | toast | updateHUD
createFlower,12-world-resources-nature.js,"Interações do mundo, árvores, rochas, mina, poço, ruas, água e móveis",2573,2582,9c3275826fccc4287fe97662670f766764a5581e0c23c6b90877c8e11caaf1fc,1,2,0,0,0,0,0,0,0,0,0,ensureFlowerBatch
createLamp,12-world-resources-nature.js,"Interações do mundo, árvores, rochas, mina, poço, ruas, água e móveis",2583,2590,5f1e0cae164452e5db6be980217043b63e688b58a46a05a10f28d4e8a02ce46a,7,0,0,0,0,0,0,0,1,0,0,addGlow | box | renderMat
createSignpost,12-world-resources-nature.js,"Interações do mundo, árvores, rochas, mina, poço, ruas, água e móveis",2591,2596,d3558af734a564d1a5c267f0bb71a93fa870e83c018f57c9b3ec25023f6617f4,2,0,0,0,0,0,0,0,1,0,0,box | signTexture
createFenceLine,12-world-resources-nature.js,"Interações do mundo, árvores, rochas, mina, poço, ruas, água e móveis",2597,2600,0fe0e36d1101ebce63218befd8f4aa489253245e55ed66ed3ad84dd7724b8e60,2,0,0,0,0,1,0,0,0,0,0,box
createRoad,12-world-resources-nature.js,"Interações do mundo, árvores, rochas, mina, poço, ruas, água e móveis",2601,2618,50b09b49a0631dab97eb950686b4bcfbb31adf4b90f340c59343716c7de20d48,22,1,1,0,0,2,0,0,0,0,0,renderMat | stableBox
createWater,12-world-resources-nature.js,"Interações do mundo, árvores, rochas, mina, poço, ruas, água e móveis",2619,2619,eb2a5da96717723e61c68de9dfde21da5da0e7f441f13aadc5f4a4eb7a6bcf28,3,0,0,0,0,1,0,0,0,0,0,stableBox
createLava,12-world-resources-nature.js,"Interações do mundo, árvores, rochas, mina, poço, ruas, água e móveis",2620,2621,488eb74e6afa8bb221c815d52c5680836acf4a7334cb55032e0bd7d035bfff56,2,0,0,0,0,0,0,0,1,0,0,mat | stableBox
createFurniture,12-world-resources-nature.js,"Interações do mundo, árvores, rochas, mina, poço, ruas, água e móveis",2622,2683,a03f946ffce4578e04cd678f967d3871456bc206c91b97ce2288d10774185df3,84,16,0,0,0,15,0,0,1,0,0,box | cylinder | premiumBox | premiumCylinder | renderMat | shadeColor
signTexture,12-world-resources-nature.js,"Interações do mundo, árvores, rochas, mina, poço, ruas, água e móveis",2684,2714,14b2d6c3aec2c5d8358c2eb8e498259126d59082d49343faf00404f1f9f65165,0,3,2,0,0,1,1,0,1,0,1,
shadeColor,12-world-resources-nature.js,"Interações do mundo, árvores, rochas, mina, poço, ruas, água e móveis",2715,2720,b46866682ecc5c3c1d2806bec6db8ab7cad9c41e459cbb08a694ffb0edf47ac3,0,0,0,0,0,0,0,0,1,0,0,
decorateHouseCommercial,12-world-resources-nature.js,"Interações do mundo, árvores, rochas, mina, poço, ruas, água e móveis",2721,2737,410ecb92ccd6a9fbad993eea6e704fd121bef5c92e0247006d73c4f2a55a88f1,17,3,1,0,0,1,0,0,0,0,6,addVoxelOutline | box | makePlanter | premiumBox | shadeColor
createHouse,12-world-resources-nature.js,"Interações do mundo, árvores, rochas, mina, poço, ruas, água e móveis",2738,2764,2d994bb813ffbddb0d187f3936d68adfe1c2234ebca225f8ec168724b2953a4e,42,1,0,0,0,1,0,0,1,0,10,box | createFlower | createLamp | decorateHouseCommercial | makeWindow | registerCollider | registerInteractable | renderMat | shadeColor | signTexture | texturedRoofMaterial | tintedBrickMaterial
addHouseInterior,13-houses-npcs-vehicles-base.js,"Casas, interiores, NPCs, inimigos, cristais, veículos e academia",2765,2812,2e873316a39d1d267c0321497127ba2e49956354c2f0b650151435940e1eee97,92,7,6,0,0,11,0,0,0,0,1,addGlow | createFurniture | exitHouse | premiumBox | premiumCylinder | registerActivity | registerInteractable
registerActivity,13-houses-npcs-vehicles-base.js,"Casas, interiores, NPCs, inimigos, cristais, veículos e academia",2813,2816,a44f6dbe286654cbef0e557f6e197ad5cff80e4c1f00b59a258dfdf976ed12ab,3,0,0,0,0,0,0,0,0,0,0,activityIcon | registerInteractable | useActivity
activityIcon,13-houses-npcs-vehicles-base.js,"Casas, interiores, NPCs, inimigos, cristais, veículos e academia",2817,2818,755bba4fb527e7f9f054bdf98c8bc36da440d147ef0e76f522afefc5b344c382,0,0,0,0,0,0,0,0,1,0,0,
createNPC,13-houses-npcs-vehicles-base.js,"Casas, interiores, NPCs, inimigos, cristais, veículos e academia",2819,2837,bab8182d6e4c2e60e308b35df3fdfbd752613370946a30421a7629a00956da48,24,4,1,0,0,2,0,0,1,0,2,addVoxelOutline | box | iconTexture | registerInteractable | renderMat | shadeColor | talkToNPC
createNpcMobility,13-houses-npcs-vehicles-base.js,"Casas, interiores, NPCs, inimigos, cristais, veículos e academia",2838,2851,dad8bfb68bbfea4b2807cfcaec0122e330ab13d73dac43314d4e64acfa1432a8,16,5,3,0,0,4,0,0,3,0,4,addVoxelOutline | nearestRoadProjection | premiumBox | premiumCylinder
createEnemy,13-houses-npcs-vehicles-base.js,"Casas, interiores, NPCs, inimigos, cristais, veículos e academia",2852,2858,c1859891055f97ca57a8dc076d34d01af44b501629bd220a604cc15b4699a609,12,2,2,0,0,0,0,0,1,0,1,box
createCrystal,13-houses-npcs-vehicles-base.js,"Casas, interiores, NPCs, inimigos, cristais, veículos e academia",2859,2862,5a883a496642bc2b822de6088e1581a2dc6cf4d966dc737b44353ca6af9e8912,2,0,0,0,0,0,0,0,0,0,3,addGlow | mat
createChest,13-houses-npcs-vehicles-base.js,"Casas, interiores, NPCs, inimigos, cristais, veículos e academia",2863,2865,ebe1893098e47e40f8a1dd911c425c4a7c3e8cac5ccb48cf2f71a8094d7446f5,4,1,0,0,0,0,0,0,1,0,2,box | openChest | registerInteractable
createPlatform,13-houses-npcs-vehicles-base.js,"Casas, interiores, NPCs, inimigos, cristais, veículos e academia",2866,2866,ba94a9a7c1e28218623c1714c381d129dd0df36d8f12f8fad6418195c50ec245,2,0,0,0,0,0,0,0,0,0,0,box | registerPlatform
vehicleById,13-houses-npcs-vehicles-base.js,"Casas, interiores, NPCs, inimigos, cristais, veículos e academia",2867,2867,eedf603c4c17d1c359e1dd0829955a507252d900e82712f83b247a5c2bd5a332,0,0,0,0,0,0,0,0,1,0,0,
currentVehicleRef,13-houses-npcs-vehicles-base.js,"Casas, interiores, NPCs, inimigos, cristais, veículos e academia",2868,2868,366ba0284cce2e646772bfde71e7529e266600240d6b355dc98535739d7eac06,1,3,0,0,0,0,0,0,4,0,1,vehicleById
applyVehicleAppearance,13-houses-npcs-vehicles-base.js,"Casas, interiores, NPCs, inimigos, cristais, veículos e academia",2869,2873,2ceeab548b7b2085f67a59ba64bfd2709b7d6143e5540d3caf93f9469cf8fc99,1,2,0,0,0,0,0,0,1,0,15,applyServiceVehicleVisual
persistParkedVehicle,13-houses-npcs-vehicles-base.js,"Casas, interiores, NPCs, inimigos, cristais, veículos e academia",2874,2876,454d760706698083c4a43aca723e835ab6a1dbb3378221b911764131f82cb6d4,0,1,0,0,0,0,0,0,1,0,0,
createToyCar,13-houses-npcs-vehicles-base.js,"Casas, interiores, NPCs, inimigos, cristais, veículos e academia",2877,2889,a9dd8f0b6ee0f9f38508476a5095658de517c39b857ad9d4f5855f1a46c2f418,20,2,0,0,0,1,0,0,1,0,22,addVoxelOutline | box | cylinder | enterVehicle | registerInteractable | renderMat
createWaypointMarker,13-houses-npcs-vehicles-base.js,"Casas, interiores, NPCs, inimigos, cristais, veículos e academia",2890,2895,d267690f3025ed3847162d529c16ad58079cee92a1ae74561767dc2bf8ebea26,4,0,0,0,0,0,0,0,0,0,0,box | mat | updateWaypointMarker
updateWaypointMarker,13-houses-npcs-vehicles-base.js,"Casas, interiores, NPCs, inimigos, cristais, veículos e academia",2896,2900,e761f037c37b5988b0aa5d2526c6de7ecf26409c70c672a0a645ebccad8ae532,0,2,0,0,0,0,0,0,1,0,0,
createAthleticsGym,13-houses-npcs-vehicles-base.js,"Casas, interiores, NPCs, inimigos, cristais, veículos e academia",2901,2923,e0b52566d8de7ba9cb721b075f9e574dc8144d459d5cef504f9e3d25cdb34683,16,0,0,0,0,6,0,0,0,0,5,createLamp | openRaceCenter | premiumBox | registerInteractable | renderMat | signTexture
createSizeChallenges,13-houses-npcs-vehicles-base.js,"Casas, interiores, NPCs, inimigos, cristais, veículos e academia",2924,2941,a7ac5d112790985cd17c3ebb653c2626002be73e98a33a9783fd3afc27cb3cc9,24,3,0,0,0,0,0,0,3,0,0,addXP | box | registerInteractable | setFlag | toast
createSkyDome,13-houses-npcs-vehicles-base.js,"Casas, interiores, NPCs, inimigos, cristais, veículos e academia",2942,2957,083d4283a54be3555c4bce1b6b2487520fb975d14697c223acd3a4aa0c3e1c6c,2,0,0,0,0,1,0,0,0,0,0,renderMat | sharedBoxGeometry
updateClouds,13-houses-npcs-vehicles-base.js,"Casas, interiores, NPCs, inimigos, cristais, veículos e academia",2958,2962,a15bea9dc9c8df7d586e19ff12209b67e2fe08b7b50fe4135e30605c7a32e213,0,3,0,0,0,1,0,0,1,0,0,
createVoxelMushroom,13-houses-npcs-vehicles-base.js,"Casas, interiores, NPCs, inimigos, cristais, veículos e academia",2963,2971,c9e5c4066044849b0743a75272b19b6218e5555269b9b2e44a5c78f7e9b787d1,14,1,0,0,0,0,0,0,1,0,0,addVoxelOutline | box | renderMat | shadeColor
iconTexture,13-houses-npcs-vehicles-base.js,"Casas, interiores, NPCs, inimigos, cristais, veículos e academia",2972,2974,b96277ca7aa52b96600576ce4b205db91c89d685ee1d1678572b41f8fff55ef6,0,0,0,0,0,0,0,0,1,0,0,
createChallengeCube,13-houses-npcs-vehicles-base.js,"Casas, interiores, NPCs, inimigos, cristais, veículos e academia",2975,2975,56ca455f70a37c86e21223c7094e9228f7a72e927720e6eba53fa547cffda557,2,0,0,0,0,0,0,0,1,0,0,box | iconTexture
createPortalArch,13-houses-npcs-vehicles-base.js,"Casas, interiores, NPCs, inimigos, cristais, veículos e academia",2976,2981,4d430445d6313962ac96e14886eced86e8708bf4b2def6b8e594225a158786fd,6,0,0,0,0,1,0,0,1,0,0,addGlow | box | mat
createPlayground,13-houses-npcs-vehicles-base.js,"Casas, interiores, NPCs, inimigos, cristais, veículos e academia",2982,2985,221b2f2bbf6b47d02b0f25e6438ffe307f6385daa38f3b18088dbff0aedce33e,7,0,0,0,0,1,0,0,1,0,0,box
createFountain,13-houses-npcs-vehicles-base.js,"Casas, interiores, NPCs, inimigos, cristais, veículos e academia",2986,2986,cf080dec751002f972a0adb427f2f593d78e26d184c8976beb133a184c1c76df,5,0,0,0,0,0,0,0,1,0,0,addGlow | cylinder | mat
createAwning,13-houses-npcs-vehicles-base.js,"Casas, interiores, NPCs, inimigos, cristais, veículos e academia",2987,2987,19cd0501030fc0c606ce5d9d883736fe2d9dfd05ad41c70fb3ee92883a15ab0b,1,0,0,0,0,1,0,0,1,0,1,box
createStreetTree,13-houses-npcs-vehicles-base.js,"Casas, interiores, NPCs, inimigos, cristais, veículos e academia",2988,2995,29a3bd915163cea3d29eb9b28526fc0f6bf4a05b49edc39d202bfef4652c80c0,8,0,0,0,0,0,0,0,1,0,0,box | createManagedLOD | makePlanter | premiumBox
createBackdropBuilding,14-world-district-decoration.js,"Cogumelos, portais, praça, distrito e decoração urbana",2996,3006,0774c23f4b3e0c679599f7d32b5279d49d1e512e55a20158f0c131183d971124,15,0,0,0,0,2,0,0,1,0,2,addVoxelOutline | box | createManagedLOD | renderMat | shadeColor
createFloatingIsland,14-world-district-decoration.js,"Cogumelos, portais, praça, distrito e decoração urbana",3007,3010,c275c1914b022840e1eab24107ea4d9ad5bad5e7942717ddc1f2f9eb0141876f,4,0,0,0,0,1,0,0,1,0,0,addVoxelOutline | mat | premiumBox
createCoinTrail,14-world-district-decoration.js,"Cogumelos, portais, praça, distrito e decoração urbana",3011,3013,75af36af5faeb52de0b60a544700926a5b6f5bcea08f763df0281f4d75195041,1,0,0,0,0,0,0,0,0,0,0,mat
createCommercialDistrict,14-world-district-decoration.js,"Cogumelos, portais, praça, distrito e decoração urbana",3014,3022,6e958ef8b45b41e158414ddaf42bcfff22e9deb27054b05ac9206f056ece3a8e,7,0,0,0,0,0,0,0,0,0,0,createBackdropBuilding | createCoinTrail | createFloatingIsland | createStreetTree
createDistrictVisuals,14-world-district-decoration.js,"Cogumelos, portais, praça, distrito e decoração urbana",3023,3054,446adcfc7cb5e7a323e810f6a5f5bff2e8421b2891bc59f052165705f36cf5ea,10,0,0,0,0,0,0,0,0,0,0,createAwning | createChallengeCube | createCommercialDistrict | createFountain | createPlayground | createPortalArch | createVoxelMushroom
compactBusPath,14-world-district-decoration.js,"Cogumelos, portais, praça, distrito e decoração urbana",3055,3057,a80277380266b39a3fabf16b138ce6f786381dd986d6e82f3c6acb3b99c33352,0,3,0,0,0,1,0,0,1,0,0,
projectedBusPoint,14-world-district-decoration.js,"Cogumelos, portais, praça, distrito e decoração urbana",3058,3058,8dfff89c4e15ddd9d49663a45584998e4aa9620fa69dd08eba6ecd7a9323c8cb,1,0,0,0,0,0,0,0,1,0,2,nearestRoadProjection
offsetBusPath,14-world-district-decoration.js,"Cogumelos, portais, praça, distrito e decoração urbana",3059,3066,777c21b51755adb0017aeea3eaf0af13e8d6e803ca8c1ba8c0d68f68b761300e,2,2,0,0,0,1,0,0,4,0,0,compactBusPath | pointOnRoad
buildBusRoadPath,14-world-district-decoration.js,"Cogumelos, portais, praça, distrito e decoração urbana",3067,3080,9ed29586294a24c7ee6bac0d7f1918cceba0fbdd74a08934d5199077671e44df,8,4,0,0,0,2,0,0,3,0,4,buildRoutePoints | compactBusPath | nearestRoadProjection | offsetBusPath | projectedBusPoint
busRoutePoints,14-world-district-decoration.js,"Cogumelos, portais, praça, distrito e decoração urbana",3081,3081,30c1ffe03b7106e54f4f2acff8a024b77204ecf5cf663a5e3850ba3fe88c46c2,0,0,0,0,0,0,0,0,1,0,5,
busNextStop,14-world-district-decoration.js,"Cogumelos, portais, praça, distrito e decoração urbana",3082,3082,d496b98f585ef3fac9cdd4f45e28593ae84237611429883c070030118aef6aca,1,1,0,0,0,1,0,0,2,0,1,busRoutePoints
nearestForwardBusSegment,14-world-district-decoration.js,"Cogumelos, portais, praça, distrito e decoração urbana",3083,3087,786d71095e557a164263a594d6df48b263d83dcf67ef0fb339577e409770ea43,1,2,0,0,0,1,0,0,2,0,1,projectPointToSegment
recoverBusRoute,15-transit-bus-metro.js,"Ônibus, rotas viárias, paradas, metrô e painel de transporte",3088,3091,0c230fd40a44b73ee0857c6d3a1870875d72ef47c82f726e0b05fd76bfb3dbf1,4,2,0,0,0,0,0,0,2,0,0,busRoutePoints | nearestForwardBusSegment | projectPointToPolyline | setBusState
setBusState,15-transit-bus-metro.js,"Ônibus, rotas viárias, paradas, metrô e painel de transporte",3092,3094,20956ee86ceee7835d28913ae51c06e47c7e19b1171edb8beb47cd3e6f9b1af2,0,1,0,0,0,0,0,0,2,0,0,
setBusWaiting,15-transit-bus-metro.js,"Ônibus, rotas viárias, paradas, metrô e painel de transporte",3095,3097,325ba7be05ccee3078c3b495d9018ad581db79e30f6d82e656d9ee619e04ccff,1,0,0,0,0,0,0,0,1,0,0,saveState
clearBusWaiting,15-transit-bus-metro.js,"Ônibus, rotas viárias, paradas, metrô e painel de transporte",3098,3098,114ffb32dd0b5ca3a75bf50270ab9b63a08d98e73a2a2c189fe710035af12a16,1,1,0,0,0,0,0,0,0,0,0,saveState
restoreBusWaiting,15-transit-bus-metro.js,"Ônibus, rotas viárias, paradas, metrô e painel de transporte",3099,3099,cca4bd082d229451f808bb4c2664e0e943909914318538dd1d76e98ebc05fc95,0,2,0,0,0,0,0,0,3,0,2,
busStopRecord,15-transit-bus-metro.js,"Ônibus, rotas viárias, paradas, metrô e painel de transporte",3100,3100,8b723af77ee82378dbd2023df358e8eb3b605bdc0c792355a5148815f6715503,0,0,0,0,0,0,0,0,1,0,2,
safeBusExitPoint,15-transit-bus-metro.js,"Ônibus, rotas viárias, paradas, metrô e painel de transporte",3101,3106,41ef280d9bd6d84bd0d3df2e4119b220295fbab7298ec1eeed3f25e57f0a961a,4,1,0,0,0,0,0,0,2,0,3,busStopRecord | groundHeightAt | positionBlockedForPlayer | safePointNear
createMetroEntrance,15-transit-bus-metro.js,"Ônibus, rotas viárias, paradas, metrô e painel de transporte",3107,3115,53ecad131875d6a4c5230901027ef8ecf2d5148fff8b413c77c41f0121275123,11,0,0,0,0,2,0,0,1,0,0,iconTexture | openMetroStation | premiumBox | registerInteractable
ensureMetroOverlay,15-transit-bus-metro.js,"Ônibus, rotas viárias, paradas, metrô e painel de transporte",3116,3118,a00a19ec9ba4d6e9561b6713a30b84df532b076a1124fd74bced2b7a29e265f6,0,1,0,0,0,0,0,0,2,0,0,
openMetroStation,15-transit-bus-metro.js,"Ônibus, rotas viárias, paradas, metrô e painel de transporte",3119,3123,5caddd88bfe4ab3c703394361f717832ac427f5b1d6576d5e2816eb4373d24fc,3,2,0,0,0,0,0,0,1,0,4,openModal | rideMetroTo | toast
rideMetroTo,15-transit-bus-metro.js,"Ônibus, rotas viárias, paradas, metrô e painel de transporte",3124,3137,94dc2bf590dd5a64eacf5416e98106cecc824f665a6b9a0b05a91e3410cc9abf,15,9,0,0,0,0,0,0,3,0,6,advanceAdventure | auditPlayerMode | canEnterMobility | clearMovementInputs | closeModal | ensureMetroOverlay | rememberSafePlayerPosition | safePointNear | saveState | setFlag | toast | trackDaily | updateContext | updateNavigation
ensureBusStop,15-transit-bus-metro.js,"Ônibus, rotas viárias, paradas, metrô e painel de transporte",3138,3141,e266e4ea43705e909a1e80ccf231fbca2b00f4287bdad019079ce39dd6ac6f96,6,2,0,0,0,0,0,0,2,0,2,iconTexture | openBusStop | premiumBox | registerInteractable
busSpawnIndex,15-transit-bus-metro.js,"Ônibus, rotas viárias, paradas, metrô e painel de transporte",3142,3144,9dbcde54f340d38206a0841093d7a9997640f2e99f123f9264a56a97aed4d1a0,2,2,0,0,0,1,0,0,2,0,2,pointOnRoad | trafficActorList
createBusModel,15-transit-bus-metro.js,"Ônibus, rotas viárias, paradas, metrô e painel de transporte",3145,3167,f63ff6048d6edfe3c3fac26e1863fbfb3c6f4717ac1dfddd2bc3b06e4e3aa896,38,2,0,0,0,9,0,0,1,0,5,buildBusRoadPath | busSpawnIndex | ensureBusStop | enterBus | premiumBox | premiumCylinder | registerInteractable | renderMat | signTexture
createTransitWorld,15-transit-bus-metro.js,"Ônibus, rotas viárias, paradas, metrô e painel de transporte",3168,3168,36cc6654de85ff6e897e0b25f13edc061ff3560b69033f8bb6ff15571a21c53c,3,0,0,0,0,1,0,0,0,0,0,createBusModel | restoreBusWaiting | validateBusCoverage
busAtStop,15-transit-bus-metro.js,"Ônibus, rotas viárias, paradas, metrô e painel de transporte",3169,3169,f518a393f802650d80941be03d8aba066dbca259734a907f23833f677feb5480,0,0,0,0,0,0,0,0,1,0,0,
busEtaSeconds,15-transit-bus-metro.js,"Ônibus, rotas viárias, paradas, metrô e painel de transporte",3170,3170,436d28c24cfb1195a0071066d5d30194b10ea1a4ea5f8272676b45dec759b568,2,3,0,0,0,1,0,0,4,0,0,busAtStop | busRoutePoints
validateBusCoverage,15-transit-bus-metro.js,"Ônibus, rotas viárias, paradas, metrô e painel de transporte",3171,3171,53d74c331e49b8f24096c6999bc6d3ee42a50afb99ba6817c02cb1a413d3026a,0,1,0,0,0,1,0,0,0,0,0,
busDestinationsAfter,15-transit-bus-metro.js,"Ônibus, rotas viárias, paradas, metrô e painel de transporte",3172,3174,8fbc94db18c7d5d72dae58c96b3c57f9d43f342680ca20ed236c9278230f2c67,0,1,0,0,0,1,0,0,1,0,3,
openBusArrivalOffer,15-transit-bus-metro.js,"Ônibus, rotas viárias, paradas, metrô e painel de transporte",3175,3184,f5cea807ab514aeefda96e677e9f326096ce5afb7d1d0d5bc8e13b98cacb8986,13,2,0,0,0,0,0,0,3,0,1,busAtStop | busDestinationsAfter | clearBusWaiting | closeModal | enterBus | openModal | setBusState | setBusWaiting | toast
offerBusAtStop,15-transit-bus-metro.js,"Ônibus, rotas viárias, paradas, metrô e painel de transporte",3185,3191,149318579f2d0756b7f647e761843f6a94f16d921bbefa433ef611c68b4fa257,2,6,1,0,0,0,0,0,4,0,0,busAtStop | openBusArrivalOffer
openBusStop,15-transit-bus-metro.js,"Ônibus, rotas viárias, paradas, metrô e painel de transporte",3192,3203,7e70f86274e4a5a9d2d232c8ed8fa3386bf54139afdba641622e7bb90c3ee0e3,19,0,0,0,0,0,0,0,1,0,13,busAtStop | busEtaSeconds | clearBusWaiting | closeModal | openBusArrivalOffer | openModal | setBusWaiting | toast
ensureTransitPanel,15-transit-bus-metro.js,"Ônibus, rotas viárias, paradas, metrô e painel de transporte",3204,3206,c8ae96e73810252c6d5a679f4ac18bfe1296e2f07232b0b64f9931da2bd646e1,2,2,0,0,0,0,0,0,3,0,0,toast | updateTransitPanel
updateTransitPanel,15-transit-bus-metro.js,"Ônibus, rotas viárias, paradas, metrô e painel de transporte",3207,3209,a5ba1a811cc18268f7fc79c8beb00c2f2e336f89425f89e1342086a71e4531aa,2,1,0,0,0,0,0,0,1,0,2,busNextStop | ensureTransitPanel
enterBus,15-transit-bus-metro.js,"Ônibus, rotas viárias, paradas, metrô e painel de transporte",3210,3220,6bdf2ea8c3781882b47555c7d4ae809c5f009aee00f99598464d61c7ddee5717,15,8,0,0,0,0,0,0,4,0,0,auditPlayerMode | busAtStop | canEnterMobility | clearBusWaiting | clearMovementInputs | closeModal | saveState | setBusState | toast | updateTransitPanel
exitBusAtStop,15-transit-bus-metro.js,"Ônibus, rotas viárias, paradas, metrô e painel de transporte",3221,3229,7995242e7f2dfbdbf221aa35554ac91354194f4cbb31299504ce0e7798a6bceb,14,7,0,0,0,0,0,0,2,0,4,advanceAdventure | auditPlayerMode | busAtStop | busStopRecord | rememberSafePlayerPosition | safeBusExitPoint | saveState | setBusState | setFlag | toast | trackDaily | updateContext | updateTransitPanel
updateTransitWorld,15-transit-bus-metro.js,"Ônibus, rotas viárias, paradas, metrô e painel de transporte",3230,3275,107025a912c0b7520940f1d5680f9ea8ff887e90902666ac2dcec454b46ed3f1,23,31,11,0,0,2,0,0,0,0,5,busRoutePoints | exitBusAtStop | offerBusAtStop | pointOnRoad | recoverBusRoute | setBusState | trafficSpeedFactor | updateTransitPanel
decorateCityServices,15-transit-bus-metro.js,"Ônibus, rotas viárias, paradas, metrô e painel de transporte",3276,3296,fa3d7c3a60d113ffb0afd2790a0f0f3b850874d01c3eff0bc76d87e6e8e1f351,14,1,0,0,0,5,0,0,0,0,1,iconTexture | premiumBox | premiumCylinder
serviceKindForJob,15-transit-bus-metro.js,"Ônibus, rotas viárias, paradas, metrô e painel de transporte",3297,3297,3818e7915f962d47dae98e208778313719dfbd287f55eaad1cb72795a339fb5c,0,0,0,0,0,0,0,0,1,0,2,
serviceVehiclePools,15-transit-bus-metro.js,"Ônibus, rotas viárias, paradas, metrô e painel de transporte",3298,3298,1734e66afc6537566585c5b007976509952b915cc4c9693ee386f964eac63c54,0,3,0,0,0,0,0,0,4,0,0,
serviceVehicleById,15-transit-bus-metro.js,"Ônibus, rotas viárias, paradas, metrô e painel de transporte",3299,3299,70859193ef97e2be83a7541bd3ad4894ae1fed85d61c0b10dc2b399ff18df386,1,0,0,0,0,0,0,0,1,0,0,serviceVehiclePools
currentServiceMissionJob,15-transit-bus-metro.js,"Ônibus, rotas viárias, paradas, metrô e painel de transporte",3300,3300,284a3fef6175820148237e25c12c20caf2da07c45192d503cf9256f93a6f7b24,1,0,0,0,0,0,0,0,1,0,2,activeCoopServiceJob
serviceVehicleAvailable,15-transit-bus-metro.js,"Ônibus, rotas viárias, paradas, metrô e painel de transporte",3301,3301,11a5f1cd77cd4ee8e9f589d54717ea07694b5a99d6dce571e8787427b35bc4c5,1,1,0,0,0,0,0,0,2,0,3,currentServiceMissionJob
serviceVehicleAppearance,15-transit-bus-metro.js,"Ônibus, rotas viárias, paradas, metrô e painel de transporte",3302,3302,1c2597e35f7a9448cad5d1c4fbfc8a1a126c9ee3e46e0fe842953418d2fc3ba1,0,2,0,0,0,0,0,0,3,0,0,
safeServiceDepot,15-transit-bus-metro.js,"Ônibus, rotas viárias, paradas, metrô e painel de transporte",3303,3303,01a28dc2c2c23c087e26f159caf65b67b90d45a2480851e300c7644d7d19937d,3,2,0,0,0,1,0,0,1,0,3,nearestRoadProjection | trafficActorList
registerServiceVehicle,15-transit-bus-metro.js,"Ônibus, rotas viárias, paradas, metrô e painel de transporte",3304,3307,562615fdbc90896f72a5129cc41e228f266f8e833b68d80ebf5dba081ac41121,6,0,0,0,0,0,0,0,1,0,7,currentServiceMissionJob | enterServiceVehicle | registerInteractable | safeServiceDepot | serviceVehicleAppearance | serviceVehicleAvailable
enterServiceVehicle,15-transit-bus-metro.js,"Ônibus, rotas viárias, paradas, metrô e painel de transporte",3308,3310,ed5a35d16dc11bf210440e4dc59525b9c137a6d79c028116f3a546077c6b314f,8,3,0,0,0,0,0,0,4,0,6,currentServiceMissionJob | enterVehicle | serviceKindForJob | serviceMissionVehicle | serviceVehicleAvailable | toast
serviceMissionVehicle,16-emergency-services.js,"Bombeiros, incêndios, polícia, ambulância, segurança e incidentes",3311,3311,78e9170bcd80a8a11016132156bfae911c67da42d2be21740b4ad30cb2b9776d,2,0,0,0,0,0,0,0,1,0,2,currentServiceMissionJob | serviceVehicleById
serviceVehicleMapLocation,16-emergency-services.js,"Bombeiros, incêndios, polícia, ambulância, segurança e incidentes",3312,3312,33a337ccc6aa7315767bf3fdfb00d19c0b5e06f1e79ed8dcab9f773408c46631,3,1,0,0,0,0,0,0,2,0,9,currentServiceMissionJob | serviceKindForJob | serviceMissionVehicle
reserveMissionServiceVehicle,16-emergency-services.js,"Bombeiros, incêndios, polícia, ambulância, segurança e incidentes",3313,3315,c2acab4223c70e2d5018512f97428b3241d250967ac4cbfcd567d24c494773de,11,4,0,0,0,0,0,0,3,0,0,buildRoutePoints | currentServiceMissionJob | serviceKindForJob | serviceMissionVehicle | serviceVehicleAvailable | serviceVehiclePools | setMissionState | toast | updateNavigation | updateWaypointMarker
releaseMissionServiceVehicle,16-emergency-services.js,"Bombeiros, incêndios, polícia, ambulância, segurança e incidentes",3316,3316,7a0633a2db410aef8c48d9b0690ac3e974a242d4031d5839510f9fa99509d766,1,2,0,0,0,0,0,0,0,0,1,serviceMissionVehicle
isDrivingServiceVehicle,16-emergency-services.js,"Bombeiros, incêndios, polícia, ambulância, segurança e incidentes",3317,3317,8e70cab351caf8b874eb9a63370a82e2d01559a07567c84b1f6695103a7ec7b4,0,0,0,0,0,0,0,0,1,0,0,
onServiceVehicleBoarded,16-emergency-services.js,"Bombeiros, incêndios, polícia, ambulância, segurança e incidentes",3318,3318,d0d4805da62cc37254864b69b466893591a8d5664811b85eec0d77eaf2c25538,6,3,1,0,0,0,0,0,1,0,1,currentServiceMissionJob | focusActiveJob | onCoopServiceVehicleBoarded | saveState | serviceKindForJob | setMissionState
onServiceVehicleExited,16-emergency-services.js,"Bombeiros, incêndios, polícia, ambulância, segurança e incidentes",3319,3319,fc851dc6ba09b6d4fbfadb4f28ea7ecb7e9bf429d4a1d2474a665b5d1fcf6186,2,1,0,0,0,0,0,0,1,0,1,currentServiceMissionJob | saveState
returnServiceVehicleHome,16-emergency-services.js,"Bombeiros, incêndios, polícia, ambulância, segurança e incidentes",3320,3320,b1ec5d4dd63b5ab8bb29a8383ec52692232df97d143d25dc8f0d2907f48598ab,1,2,0,0,0,0,0,0,1,0,1,moveServiceVehicle
createFireIncidentSite,16-emergency-services.js,"Bombeiros, incêndios, polícia, ambulância, segurança e incidentes",3321,3324,edc825eadf55009dfa32b9c6474645bc5bd6c124ceea10500e1eb64e26896fef,4,0,0,0,0,2,0,0,1,0,4,helpExtinguishFire | mat | registerInteractable | renderMat
createFireTruck,16-emergency-services.js,"Bombeiros, incêndios, polícia, ambulância, segurança e incidentes",3325,3330,37f3e304c823d96c97175ba7d119fa06e103de045cfaca05f0406e8bc392c1ce,18,0,0,0,0,3,0,0,1,0,0,premiumBox | premiumCylinder | registerServiceVehicle | renderMat
createFireServiceWorld,16-emergency-services.js,"Bombeiros, incêndios, polícia, ambulância, segurança e incidentes",3331,3331,8625331cbe780b9d987281ddd9f54da989deead0126fda4b9df6d7a5d95150cf,2,0,0,0,0,0,0,0,0,0,0,createFireTruck
activateFireIncident,16-emergency-services.js,"Bombeiros, incêndios, polícia, ambulância, segurança e incidentes",3332,3332,88b1cd3c8aed362c10f574438c0fdc9e49b44b32b0435cffcaf3687773618e20,2,2,0,0,0,0,0,0,3,0,1,saveState | toast
ensureActiveFire,16-emergency-services.js,"Bombeiros, incêndios, polícia, ambulância, segurança e incidentes",3333,3333,f8398a4ac42c580e966167bbbf3cf24e2e925a2208fe40375cdb9e566663829e,1,0,0,0,0,0,0,0,1,0,1,activateFireIncident
helpExtinguishFire,16-emergency-services.js,"Bombeiros, incêndios, polícia, ambulância, segurança e incidentes",3334,3334,b5a809a040e0a88fc4fc89537ad5922038cbec33ed6d212f20a8edd5ace457f3,9,7,0,0,0,1,0,0,5,0,5,extinguishFireIncident | setMissionState | spawnDust | toast
extinguishFireIncident,16-emergency-services.js,"Bombeiros, incêndios, polícia, ambulância, segurança e incidentes",3335,3335,86e5d452dd634b3fdf4390d04d36f702c3add9afd0a0a685e8e40fc9341739b3,6,5,0,0,0,1,0,0,1,0,5,addXP | completeActiveJob | saveState | toast | updateNavigation | updateWaypointMarker
serviceVehicleRoute,16-emergency-services.js,"Bombeiros, incêndios, polícia, ambulância, segurança e incidentes",3336,3336,b0a3f7647ee3cd6e04690c1f8274e6647c6dd84563f1d965ed54f39ca1f7fdb8,1,1,0,0,0,0,0,0,1,0,1,buildRoutePoints
moveServiceVehicle,16-emergency-services.js,"Bombeiros, incêndios, polícia, ambulância, segurança e incidentes",3337,3338,e43ec2f3f0818455104292a818edc856461292d03d000aa0c6aaab198fab583e,3,5,0,0,0,1,0,0,5,0,1,serviceVehicleRoute | snapTrafficToRoad | trafficSpeedFactor
updateFireService,16-emergency-services.js,"Bombeiros, incêndios, polícia, ambulância, segurança e incidentes",3339,3350,20f328449acd1a3ce9e2e8c5cb95727c0b7fdd69214067d816d34d7130544adf,5,12,1,0,0,2,0,0,1,0,3,activateFireIncident | extinguishFireIncident | moveServiceVehicle | returnServiceVehicleHome | spawnDust
createPoliceCar,16-emergency-services.js,"Bombeiros, incêndios, polícia, ambulância, segurança e incidentes",3351,3359,dcdf1ad09d632a0a8af6e84ec629bb042b0f3e92cb09921456b2fa01bc911a1f,19,1,0,0,0,1,0,0,1,0,0,addVoxelOutline | iconTexture | mat | premiumBox | premiumCylinder | registerServiceVehicle | renderMat
createAmbulance,16-emergency-services.js,"Bombeiros, incêndios, polícia, ambulância, segurança e incidentes",3360,3366,fc61382bdecb2fceaa3f6cab641056d781ba3c736b2c96d2bb6490db0be0bfe9,16,0,0,0,0,1,0,0,1,0,0,premiumBox | premiumCylinder | registerServiceVehicle | renderMat
createPoliceSystem,16-emergency-services.js,"Bombeiros, incêndios, polícia, ambulância, segurança e incidentes",3367,3371,8a88b8d01eddb30645a56789f57fe532660b3e98106bb11a260291ba6264e7a0,4,0,0,0,0,0,0,0,0,0,0,createAmbulance | createPoliceCar
movePoliceToward,16-emergency-services.js,"Bombeiros, incêndios, polícia, ambulância, segurança e incidentes",3372,3375,207d900863df9f68d2834838bd23d35301dd8dc7445acb9f651353d40724b894,2,3,0,0,0,1,0,0,3,0,0,snapTrafficToRoad | trafficSpeedFactor
updatePolicePatrol,16-emergency-services.js,"Bombeiros, incêndios, polícia, ambulância, segurança e incidentes",3376,3378,51f3253245f2cab18151014c9de5f5e7bd75cd194f36945a49f450ba95ae228f,1,1,0,0,0,0,0,0,0,0,0,movePoliceToward
updateSafetyPanel,16-emergency-services.js,"Bombeiros, incêndios, polícia, ambulância, segurança e incidentes",3379,3381,22e65434e886046bfac572a7b444f8df23429c4e9efad94b49113efe7489b4ab,0,2,0,0,0,0,0,0,1,0,0,
startPoliceAlert,16-emergency-services.js,"Bombeiros, incêndios, polícia, ambulância, segurança e incidentes",3382,3386,79cda731e02b23fab452570dfaf75aa67f7583d790c0d417365f39d154291068,3,2,0,0,0,0,0,0,3,0,0,saveState | toast | updateSafetyPanel
finishSafetyStop,16-emergency-services.js,"Bombeiros, incêndios, polícia, ambulância, segurança e incidentes",3387,3390,f0165be37f5531374820c116f2de6af4c0637082bf67e7d3b2510bfa07b53c14,6,2,0,0,0,0,0,0,1,0,2,clearMovementInputs | exitVehicle | groundHeightAt | openSafetyLesson | saveState | updateSafetyPanel
openSafetyLesson,16-emergency-services.js,"Bombeiros, incêndios, polícia, ambulância, segurança e incidentes",3391,3400,e452c190b91998f1280992a5895a47f55622a0e2640c1b0ea637fe85ed67a6b7,7,1,0,0,0,0,0,0,0,0,8,addReputation | addXP | awardMedal | closeModal | openModal | saveState | toast
updatePoliceSystem,16-emergency-services.js,"Bombeiros, incêndios, polícia, ambulância, segurança e incidentes",3401,3412,e030f75030dea6b0ec2295060755caf2e3087651445280940948d502a278a7ac,9,14,3,0,0,2,0,0,0,0,4,finishSafetyStop | movePoliceToward | npcSpeech | returnServiceVehicleHome | startPoliceAlert | updatePolicePatrol | updateSafetyPanel
moveIncidentResponder,16-emergency-services.js,"Bombeiros, incêndios, polícia, ambulância, segurança e incidentes",3413,3418,35a6d8648297aa33bca6878dd2f74bf6e96c1ed16d09bea25ec524610ade5b4a,3,6,0,0,0,1,0,0,5,0,1,buildRoutePoints | snapTrafficToRoad | trafficSpeedFactor
incidentServiceLabel,16-emergency-services.js,"Bombeiros, incêndios, polícia, ambulância, segurança e incidentes",3419,3419,9ce65fdf9ba229c195969c89939d2296999a3fed85ef9e9e7040341266f02440,0,0,0,0,0,0,0,0,1,0,2,
lockIncidentActor,16-emergency-services.js,"Bombeiros, incêndios, polícia, ambulância, segurança e incidentes",3420,3420,46ce505a35900d44ec30b02807aefdfdc4a5e4a9ddb1680554627e0e505c1458,1,3,0,0,0,0,0,0,1,0,1,setBusState
separateIncidentActors,16-emergency-services.js,"Bombeiros, incêndios, polícia, ambulância, segurança e incidentes",3421,3421,6bc49827e75eccf8973358ae61b9b24fd305bb5dd976568036c892ba7d5cc76e,1,3,0,0,0,0,0,0,2,0,2,snapTrafficToRoad
createIncidentVisual,16-emergency-services.js,"Bombeiros, incêndios, polícia, ambulância, segurança e incidentes",3422,3422,a0b518b46b4a878195a8bb520c16aa3adf001aaa13597326a65184f73f9be162,5,1,0,0,0,2,0,0,1,0,0,premiumBox | premiumCylinder | renderMat
createTrafficIncidentAt,16-emergency-services.js,"Bombeiros, incêndios, polícia, ambulância, segurança e incidentes",3423,3427,963475b46578cfc7c4e62772f3f7434aeafd002774541c4e7c4abb4e21af5317,9,3,0,0,0,1,0,0,2,0,4,assistTrafficIncident | createIncidentVisual | dispatchIncidentResponders | lockIncidentActor | nearestRoadProjection | registerInteractable | saveState | separateIncidentActors | toast
createTrafficIncident,16-emergency-services.js,"Bombeiros, incêndios, polícia, ambulância, segurança e incidentes",3428,3428,c014d74942c14c2d44fec8ee917746f648125e2eb15ed8549b12aa1ad9b9cb44,1,1,0,0,0,0,0,0,2,0,0,createTrafficIncidentAt
ensureActiveTrafficIncident,16-emergency-services.js,"Bombeiros, incêndios, polícia, ambulância, segurança e incidentes",3429,3429,35b340cb3381a2fe0611bed951f939bf1d186d958667fc51d16db8ebc0f3eecb,2,2,0,0,0,0,0,0,3,0,1,createTrafficIncidentAt | nearestRoadProjection
dispatchIncidentResponder,16-emergency-services.js,"Bombeiros, incêndios, polícia, ambulância, segurança e incidentes",3430,3433,442e2a7cf6316a5a753296b85b64ea156d6ca68442cff2e30f25eb76c80c88b0,4,2,0,0,0,0,0,0,3,0,1,reserveMissionServiceVehicle | serviceKindForJob | serviceVehicleAvailable | serviceVehiclePools
dispatchIncidentResponders,16-emergency-services.js,"Bombeiros, incêndios, polícia, ambulância, segurança e incidentes",3434,3434,12adda2deeebc659320687bb052e8bba28be2edcd759ddb8d0e4da264115295a,3,0,0,0,0,0,0,0,0,0,0,dispatchIncidentResponder
assistTrafficIncident,16-emergency-services.js,"Bombeiros, incêndios, polícia, ambulância, segurança e incidentes",3435,3437,5a40e9f18fec5649a945fa163a95d205dcf04a901be87000e4924fe9b56eece9,10,5,0,0,0,1,0,0,6,0,8,saveState | serviceKindForJob | setMissionState | spawnDust | toast
markPlayerIncidentArrival,16-emergency-services.js,"Bombeiros, incêndios, polícia, ambulância, segurança e incidentes",3438,3438,680350701703ffe3c44aefc3338173c307a3d4ef7565013f7c9d08a8d05380fc,7,3,0,0,0,0,0,0,3,0,1,isDrivingServiceVehicle | saveState | serviceKindForJob | setMissionState | toast | updateNavigation | updateWaypointMarker
releaseIncidentActorStates,16-emergency-services.js,"Bombeiros, incêndios, polícia, ambulância, segurança e incidentes",3439,3439,c631a2f5ea44626a3cba69dad2422eb2e1daa6d284d85fb014d6fa3e0bf91318,1,2,0,0,0,1,0,0,0,0,0,setBusState
resolveTrafficIncident,16-emergency-services.js,"Bombeiros, incêndios, polícia, ambulância, segurança e incidentes",3440,3444,a1e79fe6821459f7d35e43c6cdb8fc0fa0a1d55f14aa0c3725758cefe0401c7d,5,5,0,0,0,3,0,0,1,0,1,completeActiveJob | releaseIncidentActorStates | saveState | serviceKindForJob | toast
updateTrafficIncidents,16-emergency-services.js,"Bombeiros, incêndios, polícia, ambulância, segurança e incidentes",3445,3457,f80053d0889c47d2de88462b5618d875b39f87053921b1633490b86b755110c7,8,13,1,0,0,6,0,0,3,0,3,createTrafficIncident | markPlayerIncidentArrival | moveIncidentResponder | resolveTrafficIncident | returnServiceVehicleHome | trafficActorList
openTransitGuide,16-emergency-services.js,"Bombeiros, incêndios, polícia, ambulância, segurança e incidentes",3458,3460,e1411b6b8259573f2351630b748157ff7c2c0b864e08de5befdbaa67e0eec8f6,2,0,0,0,0,0,0,0,0,0,0,openModal | setWaypoint
createRoyalCastle,16-emergency-services.js,"Bombeiros, incêndios, polícia, ambulância, segurança e incidentes",3461,3486,c3b62af72ab038e7a4dc9a37fc582bc209a05e61b25abc7e692d311922527fc0,55,0,0,0,0,10,0,0,1,0,4,addGlow | createCastleChallengeTokens | createSignpost | exitHouse | mat | premiumBox | premiumCylinder | registerInteractable | renderMat | toast
createCastleChallengeTokens,16-emergency-services.js,"Bombeiros, incêndios, polícia, ambulância, segurança e incidentes",3487,3489,b97f364c0ca6714b14b3e11d6c1a111145c07797b2d5269000e5e496bb295f1d,1,0,0,0,0,0,0,0,1,0,0,mat
openAdventureHub,16-emergency-services.js,"Bombeiros, incêndios, polícia, ambulância, segurança e incidentes",3490,3492,bb014fd0e19e69d63142b12dce24854ec24763ba912a77c7463f495655a89770,2,0,0,0,0,0,0,0,0,0,6,openModal | startAdventure
startAdventure,16-emergency-services.js,"Bombeiros, incêndios, polícia, ambulância, segurança e incidentes",3493,3495,83c37355ae35e963b0d92142c650a0001e1e77613d017cf118f2aee9c6cdf18b,5,3,0,0,0,1,0,0,3,0,2,closeModal | saveState | setWaypoint | toast
restoreActiveAdventure,,,3496,3501,22a7568d52c33a36dffee06bccb71790decb726735fa3c7d19c95ec6992fc463,0,2,0,0,0,1,0,0,2,0,5,
advanceAdventure,17-adventures-learning-world.js,"Castelo, aventuras, desafios e praça educacional",3502,3504,3ee1f91a926e155fa3dde4b950744fc93ac90ecafad5d9f42a2a8d63ea4a22cd,3,3,1,0,0,0,0,0,2,0,0,beep | finishAdventure | saveState
finishAdventure,17-adventures-learning-world.js,"Castelo, aventuras, desafios e praça educacional",3505,3507,a12e99e3d2dbf92c52ad09595bd1954eb672078e1ea9ca06335660663ee1bcd0,8,4,1,0,0,1,0,0,1,0,0,addCoins | addReputation | addXP | awardMedal | saveState | setFlag | toast
updateAdventure,17-adventures-learning-world.js,"Castelo, aventuras, desafios e praça educacional",3508,3510,afd62e0fdb42955f05e183b8d2c9f4180dad1623aa93670cdb453e681db8349c,2,6,0,0,0,1,0,0,2,0,0,advanceAdventure | finishAdventure
createLearningStation,17-adventures-learning-world.js,"Castelo, aventuras, desafios e praça educacional",3511,3513,2dd2463b23d23e89f48026bc83b81632773bcc8b013b08c681c6dd2df6b4e13a,6,0,0,0,0,0,0,0,1,0,0,iconTexture | mat | openEducationHub | premiumBox | registerInteractable
createLearningPlaza,17-adventures-learning-world.js,"Castelo, aventuras, desafios e praça educacional",3514,3520,f5097438c3608c005728f4742617e19a4fbdaa7afb4a0b2d0f249617f40c2c3e,4,0,0,0,0,0,0,0,0,0,0,createLearningStation | createSignpost
rectOverlap,17-adventures-learning-world.js,"Castelo, aventuras, desafios e praça educacional",3521,3521,fcaacb521af3ecd98b469100fb0aa71fbfdc1d0ba1cb32864e9ae1bedb0bce05,0,0,0,0,0,0,0,0,1,0,0,
insideWater,17-adventures-learning-world.js,"Castelo, aventuras, desafios e praça educacional",3522,3522,628cba99c90a19a2a200d25c92244b90194bc0f1579808ab8163a177a50f7b6f,0,0,0,0,0,0,0,0,1,0,0,
waterAt,17-adventures-learning-world.js,"Castelo, aventuras, desafios e praça educacional",3523,3523,18502266f88b1834e6537bb7517854627d2aa6abf6bd7ea0c94ca43009322bef,1,0,0,0,0,0,0,0,1,0,0,insideWater
isInsideLakeNavigable,17-adventures-learning-world.js,"Castelo, aventuras, desafios e praça educacional",3524,3524,c60d883833c19ac17faea9b72cdda7f4e4740fd14bd9e4878ec47ca7d528704a,0,0,0,0,0,0,0,0,1,0,0,
isNearFishingArea,17-adventures-learning-world.js,"Castelo, aventuras, desafios e praça educacional",3525,3525,4ec73ede01868681cb89112f5c73d3ec5753b77269fb0bb24c781d0c7d8dee5b,0,0,0,0,0,0,0,0,1,0,0,
resolveWaterWalking,17-adventures-learning-world.js,"Castelo, aventuras, desafios e praça educacional",3526,3528,06f1e25240db72df2962604786cb8fb1c345c9d9e2900b42236d13407197dfb9,3,3,0,0,0,0,0,0,2,0,0,groundHeightAt | toast | waterAt
distanceToBoatDock,17-adventures-learning-world.js,"Castelo, aventuras, desafios e praça educacional",3529,3529,d8c8938ee1e32112f3d4f9957cbadc6c2ad8b5d44021d793c426e6a1f4db0e43,0,0,0,0,0,0,0,0,1,0,0,
validBoatExit,17-adventures-learning-world.js,"Castelo, aventuras, desafios e praça educacional",3530,3530,5c2b6bd65e0f37400c562e114b9773728698cbb6cd4f396ae8146c4e07677dd8,1,0,0,0,0,0,0,0,1,0,0,distanceToBoatDock
safeBoatExitPoint,17-adventures-learning-world.js,"Castelo, aventuras, desafios e praça educacional",3531,3532,ddc7c604b66a800d7b6d9947f4f01ad78956509ee6f1b38352c807379c834e06,0,0,0,0,0,0,0,0,1,0,0,
ensureFishingVisual,17-adventures-learning-world.js,"Castelo, aventuras, desafios e praça educacional",3533,3546,ffbb8552902765aeeeaa9997ad3ed5d01f3760973bafea2d1d5f0e0f52534c44,8,1,0,0,0,0,0,0,2,0,0,renderMat
setFishingLine,17-adventures-learning-world.js,"Castelo, aventuras, desafios e praça educacional",3547,3547,cf7ade312d3e10d632ecb5433c39a02ebaa1746fe3608c6c9cbbd91ea1c0171c,0,1,0,0,0,0,0,0,1,0,0,
fishingCastTarget,17-adventures-learning-world.js,"Castelo, aventuras, desafios e praça educacional",3548,3554,c59ea1dceed358ec088055db9e1a79b950647eb0c150b22b8fa509058c8a56fd,1,2,1,0,0,0,0,0,1,0,1,isInsideLakeNavigable
beginFishingVisual,17-adventures-learning-world.js,"Castelo, aventuras, desafios e praça educacional",3555,3568,424bcb866b9f8c92934d8ad97897a63daab22a5d78b9b924074dbe16269f0f68,3,2,0,0,0,0,0,0,1,0,0,ensureFishingVisual | fishingCastTarget | setFishingLine
castFishingVisual,18-water-fishing-boats.js,"Água, câmera e animação da pesca, barco e física náutica",3569,3569,6be58a4dfe1fbab36cadbc5aa335719b61f796f783ab7f4a74f0c9815bf4afc3,3,1,0,0,0,0,0,0,1,0,1,beep | ensureFishingVisual | fishingCastTarget
hookFishingVisual,18-water-fishing-boats.js,"Água, câmera e animação da pesca, barco e física náutica",3570,3570,dfaf496f2516e789f3e93dc1159d68fff7efd1e332d1f74c4e143c69ff1cfd41,0,1,0,0,0,0,0,0,1,0,1,
pullFishingVisual,18-water-fishing-boats.js,"Água, câmera e animação da pesca, barco e física náutica",3571,3571,11e4f51f816a46e0e9c9b6a2c5c2c6876ab965fabffd4c783ecef8a4023588f8,0,1,0,0,0,0,0,0,1,0,3,
restoreFishingCamera,18-water-fishing-boats.js,"Água, câmera e animação da pesca, barco e física náutica",3572,3575,08cc41e571a4ee609105ed16279b5db1fd81cd88e2eedf1d9f65b4b650768768,0,1,0,0,0,0,0,0,1,0,0,
stopFishingVisual,18-water-fishing-boats.js,"Água, câmera e animação da pesca, barco e física náutica",3576,3582,03f32f29c2536bb86b9644c9f576a69938949e134119d4340bbac3f39359241e,3,4,1,0,0,0,0,0,2,0,0,restoreFishingCamera | setFishingUiActive
clearFishingTimers,18-water-fishing-boats.js,"Água, câmera e animação da pesca, barco e física náutica",3583,3583,7d1d72683929e2f642510702a3c453868f33e0ca1da584d3f7d1db76292d91c7,0,1,0,0,0,0,0,0,1,0,0,
setFishingUiActive,18-water-fishing-boats.js,"Água, câmera e animação da pesca, barco e física náutica",3584,3588,16316f10f15ca2d97f70d60581b3500991822cdc5cd8b027e52ed1d2e02b4ac6,2,1,0,0,0,0,0,0,0,0,2,scheduleStableResize | syncMobilePanels
cancelFishingSession,18-water-fishing-boats.js,"Água, câmera e animação da pesca, barco e física náutica",3589,3589,e9c36489da12a5e0384fb83283f8210457b0a585233ac36346dc6e1946a06ac8,2,0,0,0,0,0,0,0,0,0,0,clearFishingTimers | stopFishingVisual
ensureFishingModalStyle,18-water-fishing-boats.js,"Água, câmera e animação da pesca, barco e física náutica",3590,3600,94b54fad2aee6e773057a6ddf8ebcfb63acd3dfce837e19f7328b72906e6d8d2,0,1,0,0,0,0,0,0,1,0,0,
updateFishingVisual,18-water-fishing-boats.js,"Água, câmera e animação da pesca, barco e física náutica",3601,3611,8a3f543b7108ccc86f132c119d57cd36762a9f974ac89528bd01551e92fe6d16,2,11,6,0,0,0,0,0,1,0,1,setFishingLine | stopFishingVisual
createShoreFisher,18-water-fishing-boats.js,"Água, câmera e animação da pesca, barco e física náutica",3612,3617,90eb0b54d936af048dc247751a903589bd93b47ae4fa76e1982fd4db79d1612a,3,0,0,0,0,0,0,0,1,0,0,createNPC | premiumCylinder | renderMat
createShoreFishingLife,18-water-fishing-boats.js,"Água, câmera e animação da pesca, barco e física náutica",3618,3622,19f6efb165644898a4db104d094345e34841ebf5ce4702752645f49aee80a94a,1,1,0,0,0,0,0,0,1,0,0,createShoreFisher
updateShoreFishers,18-water-fishing-boats.js,"Água, câmera e animação da pesca, barco e física náutica",3623,3626,3b20f43fe959689a37894c5705b1d98fa32e98c1efb536267f7f1fb38eacfa01,0,3,0,0,0,1,0,0,0,0,4,
createBoatModel,18-water-fishing-boats.js,"Água, câmera e animação da pesca, barco e física náutica",3627,3631,2dc2fbfc25e28981c391018dd5dc70fd3964502ccd52be105edb107dcec42b7c,12,0,0,0,0,0,0,0,0,0,2,premiumBox | registerInteractable | renderMat
ensureBoatPanel,18-water-fishing-boats.js,"Água, câmera e animação da pesca, barco e física náutica",3632,3634,b92ba7205ba691d8e785a37db9732dc7f16593c80e9e6d020224f5e0d312ee70,2,1,0,0,0,0,0,0,2,0,0,exitBoat | startFishing
updateBoatPanel,18-water-fishing-boats.js,"Água, câmera e animação da pesca, barco e física náutica",3635,3644,e2cb5eb95cdf6dfe36e64a0dafc51c0d7128eb0f63b3aea211828dc0776f992e,11,8,0,0,0,0,0,0,6,0,3,auditPlayerMode | boardNpcPassenger | canEnterMobility | ensureBoatPanel | exitVehicle | nearestRideCompanion | saveState | toast | updateVehicleControlsUI
enterBoatAsPassenger,18-water-fishing-boats.js,"Água, câmera e animação da pesca, barco e física náutica",3645,3652,5d0b1da716866212f78833fb28bfaa3e14d4115e1169375c22b68f43bd6cfc2b,9,4,0,0,0,0,0,0,4,0,3,auditPlayerMode | canEnterMobility | exitVehicle | saveState | toast | updateBoatPanel | updateVehicleControlsUI
exitBoat,18-water-fishing-boats.js,"Água, câmera e animação da pesca, barco e física náutica",3653,3660,667f4aa50a126d73671a280b39307328b87c15ec9124aaf2446f4f3f612f9414,11,7,1,0,0,0,0,0,3,0,6,auditPlayerMode | groundHeightAt | releaseNpcPassenger | rememberSafePlayerPosition | safeBoatExitPoint | saveState | toast | updateBoatPanel | updateVehicleControlsUI | validBoatExit
updateBoatPhysics,18-water-fishing-boats.js,"Água, câmera e animação da pesca, barco e física náutica",3661,3667,ec5432dda90ffe45bb9c50ae4e0d806e7bfd06203afb6615f06692e2ffa6c7d9,4,6,1,0,0,0,0,0,2,0,6,exitBoat | mobilityThrottleIntent | toast | updateMobilityControlLabels
constrainBoat,18-water-fishing-boats.js,"Água, câmera e animação da pesca, barco e física náutica",3668,3668,2c6325750820686271c90e71f80b0fcb54f7814e765587961a9c9bba00cf20b1,1,3,0,0,0,0,0,0,1,0,0,isInsideLakeNavigable
weightedFish,18-water-fishing-boats.js,"Água, câmera e animação da pesca, barco e física náutica",3669,3669,8ed3e4032a8e4c7fe6517988b74747fac10f6549c666160f7a87c747442637b9,0,1,0,0,0,1,0,0,2,0,0,
startFishing,18-water-fishing-boats.js,"Água, câmera e animação da pesca, barco e física náutica",3670,3678,1d3a979e0b533a839206f072355038dd95d3f4e0cd46bd2ce5d2e6f635e946ef,31,14,0,0,0,0,0,0,11,0,3,addCoins | addXP | beep | beginFishingVisual | cancelFishingSession | castFishingVisual | clearFishingTimers | ensureFishingModalStyle | hookFishingVisual | isNearFishingArea | openModal | pullFishingVisual | saveState | setFishingUiActive | stopFishingVisual | toast | vibrate | weightedFish
campfireAllowed,18-water-fishing-boats.js,"Água, câmera e animação da pesca, barco e física náutica",3679,3679,30a282ff3b783c8870d15775a1f30e7ed57bb31e320841e366c51d8cc0e33331,2,4,0,0,0,0,0,0,5,0,0,rectOverlap | waterAt
spawnCampfire,18-water-fishing-boats.js,"Água, câmera e animação da pesca, barco e física náutica",3680,3682,8605433f5dcb3fc2f6e5b9b3c63af3be33882c8bbdc7c6de44e025871089fa55,4,1,0,0,0,1,0,0,1,0,2,mat | openCampfire | premiumCylinder | registerInteractable
nearestActiveCampfire,18-water-fishing-boats.js,"Água, câmera e animação da pesca, barco e física náutica",3683,3684,37f3497ed830db18937dbdc2f8c6983804aec87fd96bd5ad6efd90b0cf7addcb,7,3,0,0,0,0,0,0,4,0,3,campfireAllowed | confirmModal | saveState | spawnCampfire | toast
finishCampfireCooking,18-water-fishing-boats.js,"Água, câmera e animação da pesca, barco e física náutica",3685,3685,5a8277aec60fdf34ab57b1f4860e94bb0222215227024d26675c8e4b833fb354,3,1,0,0,0,0,0,0,1,0,3,beep | saveState | toast
openCampfire,18-water-fishing-boats.js,"Água, câmera e animação da pesca, barco e física náutica",3686,3688,044ddae9caccb37b07d5935edbf182ea649d7ee79196dd802ee1a79fbb371c7d,10,4,0,0,0,0,0,0,4,0,7,closeModal | confirmModal | finishCampfireCooking | openModal | saveState | toast | updateHUD
openNearestCampfire,18-water-fishing-boats.js,"Água, câmera e animação da pesca, barco e física náutica",3689,3689,500572fe2fde10ca494baf41cc59dbce18276b2eb12c0e8fd2a798191902578f,3,1,1,0,0,0,0,0,0,0,0,nearestActiveCampfire | openCampfire | toast
openCampfireZone,18-water-fishing-boats.js,"Água, câmera e animação da pesca, barco e física náutica",3690,3690,c25e12c2334e21d1e4c09f898130414ecbf8f78b143b9edd6875648ba51fab1e,4,1,1,0,0,0,0,0,0,0,0,closeModal | nearestActiveCampfire | openCampfire | openModal
createCampfireZone,18-water-fishing-boats.js,"Água, câmera e animação da pesca, barco e física náutica",3691,3691,865ed08427f5d3c0a4736f6028ab1f11c47ee53534d2c7dc78daedcc5aeffdcb,3,0,0,0,0,1,0,0,0,0,0,createSignpost | premiumBox | registerInteractable
createForestAnimal,18-water-fishing-boats.js,"Água, câmera e animação da pesca, barco e física náutica",3692,3692,0fe162ec99813d35f65a5f69040e14d53930de78ed3c309103d66ea70e543699,5,1,0,0,0,2,0,0,1,0,0,premiumBox
startHunting,18-water-fishing-boats.js,"Água, câmera e animação da pesca, barco e física náutica",3693,3693,0f50e66378d2e680946b4824bb5712d075c270082917409ca45dd7372f8a2803,8,5,1,0,0,0,0,0,2,0,2,addXP | closeModal | openModal | saveState | toast
createHuntingArea,18-water-fishing-boats.js,"Água, câmera e animação da pesca, barco e física náutica",3694,3694,44d6ab09a98358c540a4d576bf3cfa51a7e94f29769d2f4ff036dac68e805bd5,6,0,0,0,0,1,0,0,0,0,0,createForestAnimal | createSignpost | premiumBox | registerInteractable | startHunting
nearestOwnedHouseForExtension,18-water-fishing-boats.js,"Água, câmera e animação da pesca, barco e física náutica",3695,3695,fbae349dbe971fe1a33f8ca5920a0155f4c63696d8df123dfd20d059ec4b2dfc,0,0,0,0,0,0,0,0,1,0,1,
extensionPlacement,18-water-fishing-boats.js,"Água, câmera e animação da pesca, barco e física náutica",3696,3696,afd95024a6b3cb0bd38b32c08d500b259d58709d871fe654e8a3a839af60a4ca,0,0,0,0,0,0,0,0,1,0,3,
extensionValid,18-water-fishing-boats.js,"Água, câmera e animação da pesca, barco e física náutica",3697,3708,5bfe0c5ee8953d3f7d4c4fb0bc555f52345562c0c8887593aa7d178afb8bddbb,4,6,0,0,0,1,0,0,6,0,0,rectOverlap
furnitureCatalogForRoom,18-water-fishing-boats.js,"Água, câmera e animação da pesca, barco e física náutica",3709,3709,e1ee0fe6fe4c4062d1f3a736448c764b8122d992f731e59f1081c52b2442f7fd,0,0,0,0,0,0,0,0,1,0,0,
furnitureSpec,18-water-fishing-boats.js,"Água, câmera e animação da pesca, barco e física náutica",3710,3710,e61769277a12e4bf6a6a19d8881f96e1d7911dcd8bd205d5a6f8e46d9aa08475,1,0,0,0,0,0,0,0,1,0,0,furnitureCatalogForRoom
furnitureForExtension,18-water-fishing-boats.js,"Água, câmera e animação da pesca, barco e física náutica",3711,3711,c97abce40e6af68183c3ce884737acb96e7c7b02557e0817476eee20f2e37228,0,0,0,0,0,0,0,0,1,0,0,
furnitureFootprint,18-water-fishing-boats.js,"Água, câmera e animação da pesca, barco e física náutica",3712,3712,ce04504354cac2ced8fbd5b91fb063ab3e2ea0222191377286b74efb8b84cc0c,1,0,0,0,0,0,0,0,1,0,2,furnitureSpec
furniturePlacementValid,18-water-fishing-boats.js,"Água, câmera e animação da pesca, barco e física náutica",3713,3713,0f0639eb15aaa098cbf3d4a75fe30c834ec16d2c6ca875d4b88cf65488bad3c0,3,2,0,0,0,0,0,0,3,0,2,furnitureFootprint | furnitureForExtension | rectOverlap
disposeFurnitureGroup,18-water-fishing-boats.js,"Água, câmera e animação da pesca, barco e física náutica",3714,3714,890278c7886bb97762c69a67eaf737fef9ce51fc1322dbd47fa5129f6f959724,1,1,0,0,0,0,0,0,1,0,1,disposeDetachedVisual
clearFurniturePreview,18-water-fishing-boats.js,"Água, câmera e animação da pesca, barco e física náutica",3715,3715,cad2e05855b6aaa20f147442a4d663313fa046ee591e6a25d13624c189b6cbf5,1,1,0,0,0,0,0,0,0,0,0,disposeFurnitureGroup
clearExtensionPreview,18-water-fishing-boats.js,"Água, câmera e animação da pesca, barco e física náutica",3716,3716,eff02d62493fc224e09bf4ebbbf13257ded53a8b52c1a0852bf01ba61db221ea,2,1,0,0,0,0,0,0,0,0,0,clearFurniturePreview | disposeDetachedVisual
renderExtensionPreview,18-water-fishing-boats.js,"Água, câmera e animação da pesca, barco e física náutica",3717,3717,ad90280b70e3316d1270b3b1fe1b5e01231fffa7f06d0c46fce4e29c0cf1fca0,2,2,0,0,0,1,0,0,1,0,1,disposeDetachedVisual | extensionValid
createFurnitureModel,,,3718,3741,c79350bd58846fa29ff2ccd82c16a9c67d568fb2891cd1373143cb06e820cbee,13,23,21,0,0,14,0,0,3,0,4,furnitureSpec | mat | premiumBox | shadeColor
renderExtensionFurniture,19-campfire-hunting-house-extensions.js,"Fogueira, caça, animais e ampliações de casas",3742,3742,5091b1e2200878edaf6384177c6f3782b0b8cc92efa65dbd51f478d3e6c44be6,3,3,0,0,0,1,0,0,1,0,0,createFurnitureModel | disposeFurnitureGroup | furnitureForExtension
renderFurniturePreview,19-campfire-hunting-house-extensions.js,"Fogueira, caça, animais e ampliações de casas",3743,3743,13f61449288e91950e4a6657ce3c5e030553bfe435ca0d7d8108c65412db1824,3,1,0,0,0,0,0,0,2,0,0,clearFurniturePreview | createFurnitureModel | furniturePlacementValid
nextFurnitureSlot,19-campfire-hunting-house-extensions.js,"Fogueira, caça, animais e ampliações de casas",3744,3744,2cc54abe7c11119f3a51f64e091eb1a484e1532a9a993b3cba6617f4f997fb39,1,1,0,0,0,1,0,0,2,0,0,furniturePlacementValid
openFurniturePlacement,19-campfire-hunting-house-extensions.js,"Fogueira, caça, animais e ampliações de casas",3745,3746,32bbe50aab442a40410680c0b969e0f2d54c03eb5bbd631f9e6f4b85d04685dd,27,9,1,0,0,0,0,0,6,0,9,addCoins | clearFurniturePreview | closeModal | confirmModal | furniturePlacementValid | furnitureSpec | nextFurnitureSlot | openFurnitureManager | openModal | renderExtensionFurniture | renderFurniturePreview | saveState | toast
openFurnitureManager,19-campfire-hunting-house-extensions.js,"Fogueira, caça, animais e ampliações de casas",3747,3747,c0ea7952e02baa17c8774ee1cf4c6666e256897bc18d30b2013e672d3cb309b4,9,1,0,0,0,0,0,0,2,0,7,closeModal | furnitureCatalogForRoom | furnitureForExtension | furnitureSpec | openFurniturePlacement | openModal | saveState | toast
spawnHouseExtension,19-campfire-hunting-house-extensions.js,"Fogueira, caça, animais e ampliações de casas",3748,3748,1537019847525857b2cedb766d3723cafe1834c892739973ad333075dd636910,11,1,0,0,0,0,0,0,1,0,2,openFurnitureManager | premiumBox | registerInteractable | registerPlatform | renderExtensionFurniture | shadeColor
resourcesEnough,19-campfire-hunting-house-extensions.js,"Fogueira, caça, animais e ampliações de casas",3749,3749,78c727e3c347537370e6f050f7d5e3a8a2d76199d6740dc3c179067ee129f52d,0,0,0,0,0,0,0,0,1,0,0,
costText,19-campfire-hunting-house-extensions.js,"Fogueira, caça, animais e ampliações de casas",3750,3750,9aa5e0dd68849a850bb96af5da55e6cb91d6912a99f273bc9955cda21521c7ad,0,0,0,0,0,0,0,0,1,0,2,
openHouseExtensionPlanner,19-campfire-hunting-house-extensions.js,"Fogueira, caça, animais e ampliações de casas",3751,3751,af18b4415a0f85ea8eaeb4d89cdc167832f63d5bb99a0720d0fa82712d1673e7,22,3,0,0,0,1,0,0,3,0,4,clearExtensionPreview | closeModal | costText | extensionPlacement | extensionValid | nearestOwnedHouseForExtension | openModal | playerDisplayName | renderExtensionPreview | resourcesEnough | saveState | spawnHouseExtension | toast
openHouseExtensionMenu,19-campfire-hunting-house-extensions.js,"Fogueira, caça, animais e ampliações de casas",3752,3752,22817009ec8e5f7267f0fb81dc84b8fb4ae58ae97bebec9a678d0643dd9827c3,4,0,0,0,0,0,0,0,0,0,0,closeModal | costText | openHouseExtensionPlanner | openModal
createLakeExpansion,19-campfire-hunting-house-extensions.js,"Fogueira, caça, animais e ampliações de casas",3753,3757,03f85c7dea30fb41a764f7fd74bfc1799e6eeaa6ec13b072c706ab5304575083,10,0,0,0,0,3,0,0,0,0,0,createBoatModel | createShoreFishingLife | createSignpost | premiumBox | premiumCylinder | registerInteractable | registerPlatform | startFishing
restoreLifeExpansion,19-campfire-hunting-house-extensions.js,"Fogueira, caça, animais e ampliações de casas",3758,3758,9c9b416fb7e119a14adbf3fe2f2fe3f1e2411f81c6c5a3576e78f652de13f07a,3,2,0,0,0,2,0,0,0,0,0,finishCampfireCooking | spawnCampfire | spawnHouseExtension
updateLifeActivities,19-campfire-hunting-house-extensions.js,"Fogueira, caça, animais e ampliações de casas",3759,3762,c7a2304a514911a3da82d6426bad09ca92ef6588b94f041a8d3efca2c42f0b41,3,8,0,0,0,2,0,0,1,0,2,finishCampfireCooking | saveState | updateShoreFishers
createLifeExpansionWorld,19-campfire-hunting-house-extensions.js,"Fogueira, caça, animais e ampliações de casas",3763,3763,3e94cc7837917ef7f560e5883b0547289c2df9b2868f8e5e3e9763f929526479,5,0,0,0,0,0,0,0,0,0,0,applyCloudWorldObjects | createCampfireZone | createHuntingArea | createLakeExpansion | restoreLifeExpansion
buildWorld,19-campfire-hunting-house-extensions.js,"Fogueira, caça, animais e ampliações de casas",3764,3824,71ab8070def7778de6d9745c5e1343ad21be19bb4014f4bf3b6beda88b8ebb1d,111,3,0,0,0,9,0,0,0,0,2,addHouseInterior | box | createAthleticsGym | createChest | createCooperativeMissionWorld | createCrystal | createDistrictVisuals | createEnemy | createFenceLine | createFireServiceWorld | createFlower | createGoldFoundry | createGoldMine | createHouse | createLamp | createLava | createLearningPlaza | createLifeExpansionWorld | createNPC | createNpcMobility | createPlatform | createPoliceSystem | createRoad | createRock | createRoyalCastle | createSignpost | createSizeChallenges | createSkyDome | createToyCar | createTransitWorld | createTree | createVillageWell | createWater | createWaypointMarker | decorateCityServices | playerDisplayName | reconcileWorldBuilds | registerInteractable | registerPlatform | restoreActiveAdventure | stableBox | updateBridgeVisual
collectResource,20-world-build-cloud-houses.js,"Construção do mundo, recursos, baús, casas em nuvem e interiores",3825,3834,46f1a483799bc6bb64d3b76434fb3adddb9808fe19b1781e2ce8fcffbe4054de,12,3,0,0,0,0,0,0,3,0,11,addXP | advanceAdventure | beep | checkActiveJob | evaluateMissions | playToolAnimation | saveState | toast | trackDaily | vibrate
openChest,20-world-build-cloud-houses.js,"Construção do mundo, recursos, baús, casas em nuvem e interiores",3835,3841,27f1e89b5b73567418971113e26b37d5b8aeba0d5c79f36015b9635039e12106,7,2,0,0,0,0,0,0,1,0,4,addCoins | addXP | evaluateMissions | saveState | setFlag | toast
cloudHouseRecord,20-world-build-cloud-houses.js,"Construção do mundo, recursos, baús, casas em nuvem e interiores",3842,3842,ad796473a80c0150af807a6dc1005fc46a2dc2bf02647d8b9b461326753e4711,0,0,0,0,0,0,0,0,1,0,0,
isMyCloudHouse,20-world-build-cloud-houses.js,"Construção do mundo, recursos, baús, casas em nuvem e interiores",3843,3843,8608e89b0572635b5e0d336870a93b88832384bffd94d524608a357ab90cc3ea,0,0,0,0,0,0,0,0,1,0,1,
reconcileCloudHouses,20-world-build-cloud-houses.js,"Construção do mundo, recursos, baús, casas em nuvem e interiores",3844,3873,bb3529a98d0ef8f8ed39642fc0fa79c096db7f9ba157a6b5a9f7b76a3557de88,29,15,1,0,0,1,0,0,11,0,14,addCoins | awardMedal | closeModal | cloudHouseRecord | confirmModal | enterHouse | isMyCloudHouse | openModal | publicPlayerName | saveState | setFlag | startRace | toast
enterHouse,20-world-build-cloud-houses.js,"Construção do mundo, recursos, baús, casas em nuvem e interiores",3874,3885,5c837e4165571283377bb0749176cc1306e1e14be44f2b204816e8202a233df4,11,5,1,0,0,6,0,0,2,0,3,auditPlayerMode | canEnterMobility | clearMovementInputs | rememberSafePlayerPosition | safePointNear | savePlayerPosition | setFlag | toast | updateCamera | updateContext
exitHouse,20-world-build-cloud-houses.js,"Construção do mundo, recursos, baús, casas em nuvem e interiores",3886,3897,f13ca32c43546191289bf0bd9c6268f581af0b758dcd36ea1a03c9757f0a188a,6,4,1,0,0,6,0,0,2,0,6,auditPlayerMode | clearMovementInputs | rememberSafePlayerPosition | safePointNear | savePlayerPosition | toast
openHomeChest,20-world-build-cloud-houses.js,"Construção do mundo, recursos, baús, casas em nuvem e interiores",3898,3905,d51a714376246ba34609e892c5ca5cff37a1afa062defef55db6a2705745b1c5,6,2,0,0,0,0,0,0,2,0,0,openModal | playerDisplayName | saveState | toast
useActivity,20-world-build-cloud-houses.js,"Construção do mundo, recursos, baús, casas em nuvem e interiores",3906,3933,e31b83cb129ff80042e3f42fe217678d8f1291799e2d85a5415c8faf89f10056,39,19,15,0,0,0,0,0,2,0,2,addXP | closeModal | openAvatarStudio | openEducationHub | openFireStationDesk | openHomeChest | openModal | openSafetyLesson | openShop | openTeacherJobLesson | openWorkshop | playerDisplayName | saveState | setFlag | toast | trackDaily | updateHUD
openShop,20-world-build-cloud-houses.js,"Construção do mundo, recursos, baús, casas em nuvem e interiores",3934,3939,b825d1329c5e41c55903d953ba97304f06078dc5325a6951b918d18ba41f25b1,7,1,0,0,0,0,0,0,1,0,0,addCoins | addXP | closeModal | openModal | saveState | toast
openWorkshop,20-world-build-cloud-houses.js,"Construção do mundo, recursos, baús, casas em nuvem e interiores",3940,3948,a070a2ec30a74afd003d43553c419c5ad19cd8f4244e27c46234e54ff7d8bc9b,16,3,0,0,0,0,0,0,3,0,0,addCoins | addXP | closeModal | openModal | saveState | toast
friendshipTier,,,3949,3949,d7e496dfef5b5b15ed489c4d09807c0ecc3279d266c2405d1e0623acf769746e,0,0,0,0,0,0,0,0,1,0,3,
changeFriendship,21-interactions-shop-social-races.js,"Atividades, mercado, oficina, amizades, NPCs e corridas",3950,3954,217ae8aafd438b68cd588af1b63191b410eb771dc68416bcd87715099cde88aa,6,2,0,0,0,0,0,0,0,0,0,addReputation | addXP | evaluateMissions | saveState | setFlag | toast
talkToNPC,21-interactions-shop-social-races.js,"Atividades, mercado, oficina, amizades, NPCs e corridas",3955,4002,5e77718b54fd6b4dee1b7599f5649ca4229bf5632a71c277819bb4604eb0e0f2,49,25,18,0,0,0,0,0,1,0,8,addCoins | addReputation | changeFriendship | closeModal | completeActiveJob | friendshipTier | openHouseChallenge | openJobCenter | openModal | saveState | setFlag | startRace | toast | trackDaily | triggerEmote | updateHUD
openHouseChallenge,21-interactions-shop-social-races.js,"Atividades, mercado, oficina, amizades, NPCs e corridas",4003,4009,c3becc7c2316240ceb9806b8b929ede772d46993e24be33f295b0d38eeaf46ff,4,1,0,0,0,0,0,0,1,0,1,closeModal | openModal | startRace | toast
openRaceCenter,21-interactions-shop-social-races.js,"Atividades, mercado, oficina, amizades, NPCs e corridas",4010,4015,f4d7e4fb8c6c4ee7b27e1de5a710e1aad9c3dce4756fc385c7d731017a7e2f47,3,0,0,0,0,0,0,0,0,0,1,closeModal | openModal | startRace
createRaceOpponent,21-interactions-shop-social-races.js,"Atividades, mercado, oficina, amizades, NPCs e corridas",4016,4018,94042431fc753f3bb835f2d60c8863342032bf004f00a8dbeea1fd407aa66c38,4,0,0,0,0,0,0,0,1,0,1,box
clearRaceObjects,21-interactions-shop-social-races.js,"Atividades, mercado, oficina, amizades, NPCs e corridas",4019,4023,3522ba0b6a43fc2a7519e2097b08a67baf3dd600399e44488f30087e3328e853,0,1,0,0,0,1,0,0,0,0,1,
spawnRaceCoins,21-interactions-shop-social-races.js,"Atividades, mercado, oficina, amizades, NPCs e corridas",4024,4029,81db13d2d0e6ddae096f815c85c99bb59b250bec34eaa0ec546a10810ff87ecc,1,0,0,0,0,1,0,0,0,0,1,cylinder
startRace,21-interactions-shop-social-races.js,"Atividades, mercado, oficina, amizades, NPCs e corridas",4030,4040,ad4dcfc362f1641c57483529e32652454480ebdf2ec141369f2d22e9053e41df,8,4,0,0,0,0,0,0,2,0,5,createRaceOpponent | exitHouse | saveState | spawnRaceCoins | toast | updateWaypointMarker
finishRace,21-interactions-shop-social-races.js,"Atividades, mercado, oficina, amizades, NPCs e corridas",4041,4050,ba27e8d69613624fe83efc0c1dc622aab35413fd288245cdc6a3b814a0aab4ab,14,4,1,0,0,0,0,0,1,0,3,addCoins | addReputation | addXP | awardMedal | clearRaceObjects | evaluateMissions | saveState | setFlag | toast | trackDaily | updateWaypointMarker
updateRace,21-interactions-shop-social-races.js,"Atividades, mercado, oficina, amizades, NPCs e corridas",4051,4081,795d7a4fab2cdd385c47b367785ad32b37bb1aaa60a7657df27c5878ff7de11f,7,12,4,0,0,1,0,0,2,0,0,beep | finishRace
setMissionState,21-interactions-shop-social-races.js,"Atividades, mercado, oficina, amizades, NPCs e corridas",4082,4082,f5fb75120bcbb31f827cf50fedeebc45e01477a7dc1f369da52c8485c3311982,0,2,0,0,0,0,0,0,3,0,0,
missionVehicleName,21-interactions-shop-social-races.js,"Atividades, mercado, oficina, amizades, NPCs e corridas",4083,4083,130eee72b56b1771b1dce9ad444171711ed76f60c28c84799d49a007b40846ad,2,0,0,0,0,0,0,0,1,0,4,serviceKindForJob | serviceMissionVehicle
missionInstructionSteps,21-interactions-shop-social-races.js,"Atividades, mercado, oficina, amizades, NPCs e corridas",4084,4084,64f3f02ad49592e278517b7dbe82579ef859260baf7680554738d02bfb4651f8,3,7,0,0,0,0,0,0,8,0,9,effectiveAvatarUniform | missionVehicleName | serviceKindForJob
missionBriefingMarkup,21-interactions-shop-social-races.js,"Atividades, mercado, oficina, amizades, NPCs e corridas",4085,4085,a4b10ab2f24b006c1cefd0ad60d25c2514f45fffa0ed4ff4cfd9d79c57f26d3a,3,0,0,0,0,0,0,0,1,0,4,activeJobProgress | missionInstructionSteps | missionVehicleName
equipJobUniform,21-interactions-shop-social-races.js,"Atividades, mercado, oficina, amizades, NPCs e corridas",4086,4090,2b2f56e1b9415532b58ede9d0917e706cfffc79aeeca48300eced3cd910e5c8b,2,1,0,0,0,0,0,0,1,0,1,applyAvatarCustomization | saveState
focusActiveJob,21-interactions-shop-social-races.js,"Atividades, mercado, oficina, amizades, NPCs e corridas",4091,4109,42a9d3d284a49423983a84cc4196037081b4b9763b3d21a151ff564a97df309e,33,19,8,0,0,0,0,0,8,0,5,applyAvatarCustomization | buildRoutePoints | closeModal | confirmModal | ensureActiveFire | ensureActiveTrafficIncident | exitHouse | releaseMissionServiceVehicle | reserveMissionServiceVehicle | saveState | serviceKindForJob | setMissionState | setWaypoint | toast | updateMissionHUD | updateNavigation | updateWaypointMarker
activeJobProgress,21-interactions-shop-social-races.js,"Atividades, mercado, oficina, amizades, NPCs e corridas",4110,4120,3033fb9803980c71a389bcbb3a2c44569efe16fd7a337c7bdba08749f78ad6c1,1,12,0,0,0,0,0,0,13,0,33,serviceKindForJob
openJobCenter,21-interactions-shop-social-races.js,"Atividades, mercado, oficina, amizades, NPCs e corridas",4121,4129,6faaef8852bbd996d45f3644081d669339468820fbc2f2a5134229e1a656a7fe,6,0,0,0,0,0,0,0,0,0,7,activeJobProgress | equipJobUniform | missionBriefingMarkup | openModal | startJob | toast
startJob,22-careers-jobs-uniforms.js,"Carreiras, estados de missão, uniformes, professor, bombeiro e entrega",4130,4138,8aa48f53c10bd04c294c3316c8ee55e1b02e61fbca5a3eb348bc70709eb6dddb,14,8,3,0,0,0,0,0,2,0,1,ensureActiveFire | ensureActiveTrafficIncident | equipJobUniform | exitHouse | focusActiveJob | reserveMissionServiceVehicle | saveState | serviceKindForJob | setMissionState | toast | updateMissionHUD
completeActiveJob,22-careers-jobs-uniforms.js,"Carreiras, estados de missão, uniformes, professor, bombeiro e entrega",4139,4152,8200e97fa2485894fd22fac6bc4da33b60a63cb419fc84732449a69fc81ec7f4,11,9,0,0,0,0,0,0,3,0,2,applyAvatarCustomization | evaluateMissions | releaseMissionServiceVehicle | saveState | setFlag | setMissionState | toast | updateHUD | updateMissionHUD | updateWaypointMarker
checkActiveJob,22-careers-jobs-uniforms.js,"Carreiras, estados de missão, uniformes, professor, bombeiro e entrega",4153,4160,92ad433cf15a2825fbb1acf1078f4fdc64354ac97596681879de774b0ab4012d,3,4,2,0,0,0,0,0,1,0,0,completeActiveJob
restoreActiveJobRuntime,22-careers-jobs-uniforms.js,"Carreiras, estados de missão, uniformes, professor, bombeiro e entrega",4161,4163,7525443e6b61bd8d341bf9366d443f0f2671d287bef829d6cc9f5b31eeec1534,6,6,0,0,0,0,0,0,1,0,1,applyAvatarCustomization | ensureActiveFire | ensureActiveTrafficIncident | reserveMissionServiceVehicle | serviceKindForJob | updateMissionHUD
updateCareerMissions,22-careers-jobs-uniforms.js,"Carreiras, estados de missão, uniformes, professor, bombeiro e entrega",4164,4175,cb2f907116b36fff116b45bce6a227b456304372d9fdea68856de3667a4b3cc8,24,18,9,0,0,0,0,0,2,0,25,activeJobProgress | beep | checkActiveJob | completeActiveJob | ensureActiveTrafficIncident | isDrivingServiceVehicle | reserveMissionServiceVehicle | saveState | serviceKindForJob | setMissionState | setWaypoint | toast | updateMissionHUD | updateWaypointMarker
openTeacherJobLesson,22-careers-jobs-uniforms.js,"Carreiras, estados de missão, uniformes, professor, bombeiro e entrega",4176,4179,c4e43259d38f874a40c74d3470b22b961ecb1016eaae26596eb7ebf0fb34c8bc,6,1,0,0,0,0,0,0,1,0,3,addXP | closeModal | completeActiveJob | openModal | toast
openFireStationDesk,22-careers-jobs-uniforms.js,"Carreiras, estados de missão, uniformes, professor, bombeiro e entrega",4180,4191,ec85308c24f3b6b7fa51d720cdc5ea0ffbbdbf1d71612d60917bdc60d0a92a31,15,6,0,0,0,0,0,0,2,0,6,buildRoutePoints | closeModal | ensureActiveFire | equipJobUniform | exitHouse | focusActiveJob | openModal | startJob | toast | updateWaypointMarker
startDeliveryJob,22-careers-jobs-uniforms.js,"Carreiras, estados de missão, uniformes, professor, bombeiro e entrega",4192,4196,44b57178688386fdfaf311ca3e579dde719c1e4789717b776e44c29dfdd0cdd6,3,1,0,0,0,0,0,0,1,0,0,saveState | toast
clearServiceVehicleVisual,22-careers-jobs-uniforms.js,"Carreiras, estados de missão, uniformes, professor, bombeiro e entrega",4197,4200,bf865ced234c1f08715b34ec35f854c5b9f915a78e6680d4c77f5be61d48c986,1,2,0,0,0,0,0,0,0,0,2,disposeDetachedVisual
serviceVehicleIcon,22-careers-jobs-uniforms.js,"Carreiras, estados de missão, uniformes, professor, bombeiro e entrega",4201,4201,1090dce7e9aab24b0fd628ef3bc03bd6f27e3583a3585b19415c172e1b15ff09,0,0,0,0,0,0,0,0,1,0,0,
applyServiceVehicleVisual,22-careers-jobs-uniforms.js,"Carreiras, estados de missão, uniformes, professor, bombeiro e entrega",4202,4214,a812754d2fbbdd8662bd9ab6d96298ef105755b9602432c08a4dafef057f803e,20,5,2,0,0,1,0,0,3,0,0,addVoxelOutline | box | clearServiceVehicleVisual | mat | signTexture
spawnDust,22-careers-jobs-uniforms.js,"Carreiras, estados de missão, uniformes, professor, bombeiro e entrega",4215,4220,f8da402962ec252bb8bc68a87e76b2d3711b90728b7c205df05057577395398d,0,1,0,0,0,0,0,0,0,0,0,
updateFX,22-careers-jobs-uniforms.js,"Carreiras, estados de missão, uniformes, professor, bombeiro e entrega",4221,4230,8e4e2ade863b8685105a4372cecb9cedc3470f5c62c16a7a0c5d0357880dc407,0,1,0,0,0,1,0,0,0,0,0,
startEngineSound,22-careers-jobs-uniforms.js,"Carreiras, estados de missão, uniformes, professor, bombeiro e entrega",4231,4241,c543651a02254b2eb90b0865d91963517b593fdc10fd8fbeac1b60d05231d849,0,2,0,0,0,0,0,1,2,0,0,
stopEngineSound,22-careers-jobs-uniforms.js,"Carreiras, estados de missão, uniformes, professor, bombeiro e entrega",4242,4246,27ec89392c4487188c2dbf1b3a559be2029a47d8bce8a4876f4c341401833f20,0,1,0,0,0,0,0,1,1,0,0,
updateVehicleFX,23-vehicle-effects-driving.js,"Poeira, som, efeitos, controles, direção, passageiros e ponte",4247,4271,3af7cd8a05fb288cfe6c3dd30ab8aa0bfa0192947277076e5c6c9a99359f187e,9,12,2,0,0,1,0,1,2,0,3,beep | serviceVehicleIcon | spawnDust | sprintRequested | startEngineSound | stopEngineSound
mobilityDriverActive,23-vehicle-effects-driving.js,"Poeira, som, efeitos, controles, direção, passageiros e ponte",4272,4272,89f8795fcc24f79cf587f5984d9552b793a93e861b14580457adfd4e32340913,0,0,0,0,0,0,0,0,1,0,0,
updateMobilityControlLabels,23-vehicle-effects-driving.js,"Poeira, som, efeitos, controles, direção, passageiros e ponte",4273,4280,be28be24a6b419e9815cd80a98ad86f3060e410d98255ea1396a49b389681cba,2,13,1,0,0,0,0,0,0,0,13,mobilityDriverActive | sprintRequested
updateVehicleControlsUI,23-vehicle-effects-driving.js,"Poeira, som, efeitos, controles, direção, passageiros e ponte",4281,4288,f823ccd13f035e85f303642a138398cee738ec5d1fe8cec792e5cabe3dee0e38,3,3,0,0,0,0,0,0,0,0,7,mobilityDriverActive | playerDisplayName | updateMobilityControlLabels
vehicleHorn,23-vehicle-effects-driving.js,"Poeira, som, efeitos, controles, direção, passageiros e ponte",4289,4291,2bb5c3a2ae5592140b26af4087fddef172b8beb2f5d6c0218a816238c0e763b7,5,4,0,0,0,0,0,0,2,0,8,beep | mobilityDriverActive | vibrate
enterVehicle,23-vehicle-effects-driving.js,"Poeira, som, efeitos, controles, direção, passageiros e ponte",4292,4299,67b5f9b27ea334db5ec42797d47047ddfa0b12acba82045d5fb79ebc6fb318bc,19,6,0,0,0,0,0,0,2,0,1,applyVehicleAppearance | boardNpcPassenger | buildRoutePoints | canEnterMobility | clearMovementInputs | groundHeightAt | nearestRideCompanion | onServiceVehicleBoarded | saveState | serviceVehicleIcon | setFlag | setMissionState | startEngineSound | syncPlayerRootScale | toast | updateAbilityUI | updateRunUI | updateVehicleControlsUI | updateWaypointMarker
enterVehicleAsPassenger,23-vehicle-effects-driving.js,"Poeira, som, efeitos, controles, direção, passageiros e ponte",4300,4308,af205fa53cf3f9eed6d6c6e8431f9abbeda43481a4b3581f886c184484b90c7f,11,6,0,0,0,0,0,0,4,0,3,auditPlayerMode | canEnterMobility | clearMovementInputs | exitBoat | saveState | toast | updateAbilityUI | updateRunUI | updateVehicleControlsUI
exitVehicle,23-vehicle-effects-driving.js,"Poeira, som, efeitos, controles, direção, passageiros e ponte",4309,4317,1d31e782c4146b24f3126435985cccbe1741487971a7b76153731a12aac10421,17,8,1,0,0,0,0,0,2,0,5,auditPlayerMode | clearMovementInputs | clearServiceVehicleVisual | currentVehicleRef | groundHeightAt | onServiceVehicleExited | persistParkedVehicle | releaseNpcPassenger | rememberSafePlayerPosition | safeVehicleExitPoint | saveState | stopEngineSound | syncPlayerRootScale | toast | updateAbilityUI | updateRunUI | updateVehicleControlsUI
repairBridge,23-vehicle-effects-driving.js,"Poeira, som, efeitos, controles, direção, passageiros e ponte",4318,4332,2e1fb004bbc473e6750d1fc544ccd54e1bfc4d9359cec8f268552db67546fc67,7,2,0,0,0,0,0,0,2,0,0,addReputation | addXP | saveState | setFlag | toast
buildCostText,23-vehicle-effects-driving.js,"Poeira, som, efeitos, controles, direção, passageiros e ponte",4333,4333,750b4ff860ead510b2a28c00da7f015e930d1289324a898b9b6a80be335dd71f,0,0,0,0,0,0,0,0,1,0,1,
currentBuildOwnerIds,23-vehicle-effects-driving.js,"Poeira, som, efeitos, controles, direção, passageiros e ponte",4334,4334,7f734cdc0ae9810b5ec99ddcc34431b0b38d4384a188c74e16e0ff4074f8dee0,0,0,0,0,0,0,0,0,1,0,3,
buildOwnedByPlayer,23-vehicle-effects-driving.js,"Poeira, som, efeitos, controles, direção, passageiros e ponte",4335,4335,a18b3c741e233e1d555df44e8580b9d9b4620a629df32567418d2d1e7f5dc13e,1,0,0,0,0,0,0,0,1,0,1,currentBuildOwnerIds
buildFootprint,23-vehicle-effects-driving.js,"Poeira, som, efeitos, controles, direção, passageiros e ponte",4336,4339,4aebbd0a624b6c6ae3d9f9d20bda729d9d4b808579344161d9d2c42e9f3ba5c5,0,0,0,0,0,0,0,0,1,0,1,
buildPlacementCandidate,23-vehicle-effects-driving.js,"Poeira, som, efeitos, controles, direção, passageiros e ponte",4340,4345,ee6feb36c8f07b6c77c12488a6edd8ac9e626c2aead6caeb1caa338b222c442d,2,1,0,0,0,0,0,0,2,0,1,canBuildAt | groundHeightAt
canBuildAt,23-vehicle-effects-driving.js,"Poeira, som, efeitos, controles, direção, passageiros e ponte",4346,4356,e00b8fe99d904770ea23e1f156ce4dec2c4a7a2cf3c7725d5cbe46034bfc9c7b,7,7,0,0,0,0,0,0,9,0,1,buildFootprint | groundHeightAt | rectOverlap | waterAt
createBuildPreviewMesh,23-vehicle-effects-driving.js,"Poeira, som, efeitos, controles, direção, passageiros e ponte",4357,4368,76d6e82475de3cf0a6ad12497e8f4663b19bf2db49d597bde7b049117951e607,1,7,6,0,0,3,0,0,3,0,0,sharedBoxGeometry
disposeBuildPreview,23-vehicle-effects-driving.js,"Poeira, som, efeitos, controles, direção, passageiros e ponte",4369,4371,12ec6fef62b4c8a1fbec2a0795d74aae2a99c93e345a5ee00b64b8255d7de158,0,1,0,0,0,0,0,0,1,0,4,
ensureBuildPanel,23-vehicle-effects-driving.js,"Poeira, som, efeitos, controles, direção, passageiros e ponte",4372,4376,1cf6c010303beb7f63553fe35c46df9b7745c32e7f11b8ac5064282cce215098,1,1,0,0,0,0,0,0,2,0,0,endBuildMode
updateBuildPanel,23-vehicle-effects-driving.js,"Poeira, som, efeitos, controles, direção, passageiros e ponte",4377,4381,734d16e8821a6b272354843954a7d857ae46a950ed332e45cdb29ce3fc7c3af7,3,1,0,0,0,0,0,0,1,0,4,buildCostText | ensureBuildPanel | resourcesEnough
updateBuildPreview,,,4382,4387,c30d5ea4bfa06e45c73eaf014d19bddf5c9f0094692ac2ef55df1cc54de734c3,4,5,0,0,0,0,0,0,2,0,3,buildPlacementCandidate | createBuildPreviewMesh | disposeBuildPreview | updateBuildPanel
beginBuildMode,24-construction-system.js,"Custos, propriedade, preview, validação, colocação, remoção e reconciliação",4388,4391,cdcd8ec9c99363818b102575b381c5c18f9849091450306d928cbabd86a69896,7,2,0,0,0,0,0,0,3,0,0,disposeBuildPreview | ensureBuildPanel | toast | updateBuildPreview | updateContext | updateVehicleControlsUI
endBuildMode,24-construction-system.js,"Custos, propriedade, preview, validação, colocação, remoção e reconciliação",4392,4394,d3b98db8decddcee47cdf7b26acd640ccaa19a8554f32dff626d8a456b96d47a,4,3,0,0,0,0,0,0,2,0,0,disposeBuildPreview | toast | updateContext | updateVehicleControlsUI
rotateBuildPreview,24-construction-system.js,"Custos, propriedade, preview, validação, colocação, remoção e reconciliação",4395,4395,5dc57b822829aa64c4ffbdd9c37f9b68a182fa53b206a93fde3bb05b37bb1c47,2,1,0,0,0,0,0,0,2,0,0,updateBuildPreview | vibrate
openBuildMenu,24-construction-system.js,"Custos, propriedade, preview, validação, colocação, remoção e reconciliação",4396,4402,adb6a80c07fdf042a80e0b0f61032f0603e1b26997b141c34e052085324958fe,7,3,0,0,0,0,0,0,3,0,0,beginBuildMode | buildCostText | closeModal | openHouseExtensionMenu | openModal | toast
placeBuild,24-construction-system.js,"Custos, propriedade, preview, validação, colocação, remoção e reconciliação",4403,4413,d7b33176f9e3ac244ab7b22f00a4f1bcfe6d2214ed1f31c07f38fd5373f68109,20,5,0,0,0,2,0,1,6,1,6,addXP | buildCostText | checkActiveJob | evaluateMissions | mergeBuildCollections | normalizeBuildRecord | normalizeBuildTombstones | resourcesEnough | saveState | spawnBuild | syncCloudProgress | toast | updateBuildPanel | updateBuildPreview
spawnBuild,24-construction-system.js,"Custos, propriedade, preview, validação, colocação, remoção e reconciliação",4414,4426,caa68cbc03e369a2efd7b979e5dad29551936b39b679687de7f858eb3737d31e,25,9,7,0,0,2,0,0,4,0,1,addGlow | box | buildRecordSignature | groundHeightAt | normalizeBuildRecord | premiumBox | registerCollider | registerPlatform
buildRecordSignature,24-construction-system.js,"Custos, propriedade, preview, validação, colocação, remoção e reconciliação",4427,4427,4ff2089643df083f991d162e9f4e6e1f4bb67feeb36a00c11a979b1c973b13a2,0,0,0,0,0,0,0,0,1,0,0,
removeWorldBuildRecord,24-construction-system.js,"Custos, propriedade, preview, validação, colocação, remoção e reconciliação",4428,4430,0133496619342122c4353820b2c86ae9bb5871816276aa5638aaa693150762f4,0,1,0,0,0,1,0,0,1,0,2,
reconcileWorldBuilds,24-construction-system.js,"Custos, propriedade, preview, validação, colocação, remoção e reconciliação",4431,4442,baacfaa267ce134e0915b84b018f8988c42b2bf5f0469c11ec11a9560c59b638,14,5,0,0,0,2,0,0,5,0,3,applyBuildTombstones | buildOwnedByPlayer | buildRecordSignature | confirmModal | mergeBuildTombstones | normalizeBuildTombstones | removeWorldBuildRecord | saveState | spawnBuild | syncCloudProgress | toast
initThree,24-construction-system.js,"Custos, propriedade, preview, validação, colocação, remoção e reconciliação",4443,4451,920c000f2a0eb2d7959c70c10c7dd6ce7c1dd77cec5f1d02bdf9af66365c9bab,24,1,0,0,0,1,0,0,2,0,2,applyAdaptiveRenderSettings | applyAvatarCustomization | applyQuality | buildWorld | createPlayerModel | freezeWorldFrustumCulling | initLocalMultiplayer | initMaterials | lockStableSceneVisibility | openModal | qualityTier | reconcileCloudHouses | remotePlayerEvent | resize | restoreActiveJobRuntime | restorePosition | targetDpr | toast | viewportMetrics
applyQuality,24-construction-system.js,"Custos, propriedade, preview, validação, colocação, remoção e reconciliação",4452,4452,3f9e69bfe73e9375262c54dd3c6e254461979ec936efe166e23a9b9e770d1cf1,1,1,0,0,0,0,0,0,1,0,0,applyAdaptiveRenderSettings
viewportMetrics,24-construction-system.js,"Custos, propriedade, preview, validação, colocação, remoção e reconciliação",4453,4465,8b77a612ef4dd92fd395848055c88b92d95143c746a62cac7b275a4a8126353d,0,0,0,0,0,0,0,0,1,0,10,
resize,24-construction-system.js,"Custos, propriedade, preview, validação, colocação, remoção e reconciliação",4466,4479,c6eb238e95ff2a8a80ebeb9a2fc4981e008fd9b61f718298342a53c700432c28,4,2,0,0,0,0,0,0,0,0,15,clearMovementInputs | syncMobilePanels | targetDpr | viewportMetrics
scheduleStableResize,24-construction-system.js,"Custos, propriedade, preview, validação, colocação, remoção e reconciliação",4480,4480,af97b3c2c1dc35f8f6e2fb1fd9cfe5c4258647764777aca4b97fa2899ae12158,1,0,0,0,0,0,0,0,0,0,0,resize
ensureViewportCoherence,24-construction-system.js,"Custos, propriedade, preview, validação, colocação, remoção e reconciliação",4481,4484,7a32322ea71253de89b1e9ef13b4fbec4fcd791ab6e7d8d6ce16aa31b9bc408d,2,1,0,0,0,0,0,0,2,0,2,resize | viewportMetrics
refreshOrientationLayout,24-construction-system.js,"Custos, propriedade, preview, validação, colocação, remoção e reconciliação",4485,4489,ae325d8b0d8d3731a3fce4fa40e8afd9020e17b1febe52e6741d253825057d04,8,3,0,0,0,0,0,0,0,0,2,resize | scheduleStableResize
restorePosition,24-construction-system.js,"Custos, propriedade, preview, validação, colocação, remoção e reconciliação",4490,4495,2ecfacd6309431babf1c8a15ec339a4c321909b13f28b1a363954c655f884308,3,1,0,0,0,0,0,0,0,0,3,isInsideLakeNavigable | rememberSafePlayerPosition | safePointNear
returnHome,25-render-init-resize-position-collision.js,"Three.js, qualidade, viewport, resize, posição segura e colisões",4496,4502,6a0600b3637f87420593b117310130d527ff273f11b080446dc00834285d83c2,10,10,1,0,0,0,0,0,1,0,0,auditPlayerMode | busAtStop | exitBoat | exitBusAtStop | exitHouse | exitVehicle | rememberSafePlayerPosition | safePointNear | savePlayerPosition | toast
savePlayerPosition,25-render-init-resize-position-collision.js,"Three.js, qualidade, viewport, resize, posição segura e colisões",4503,4514,ac2e5a79601192b39f20e54c692bbe9fb009089a558862349b7cbe22859ba33d,5,7,3,0,0,0,0,0,0,0,6,commitState | isInsideLakeNavigable | saveState
groundHeightAt,25-render-init-resize-position-collision.js,"Three.js, qualidade, viewport, resize, posição segura e colisões",4515,4517,a95db8071d18b57d385294fe2cfb75ef35249c020c34f315dc99607e940ea7d8,0,2,0,0,0,1,0,0,1,0,0,
positionBlockedForPlayer,25-render-init-resize-position-collision.js,"Three.js, qualidade, viewport, resize, posição segura e colisões",4518,4534,08871d7364b9015ec90c28b1461d4a0caf1fef89b6a63df582df6d10ef2e1b12,3,11,0,0,0,3,0,0,6,0,1,groundHeightAt | trafficActorList | waterAt
safePointNear,25-render-init-resize-position-collision.js,"Three.js, qualidade, viewport, resize, posição segura e colisões",4535,4539,089da51a4f9a9bed138c9f1be683101b4a74274ed68d33c39086d5f232e12927,3,1,0,0,0,2,0,0,2,0,0,groundHeightAt | positionBlockedForPlayer
rememberSafePlayerPosition,25-render-init-resize-position-collision.js,"Three.js, qualidade, viewport, resize, posição segura e colisões",4540,4544,2917fad2a492f807d594e3795441c869fe295dfc0f784914701dee6a5e66d5c2,1,2,0,0,0,0,0,0,3,0,0,positionBlockedForPlayer
recoverPlayerIfInvalid,25-render-init-resize-position-collision.js,"Three.js, qualidade, viewport, resize, posição segura e colisões",4545,4551,c79dccb3ec4e35995eadb2d268c1602195462f89c4eafceccc82e9041d78a840,3,2,0,0,0,0,0,0,3,0,0,positionBlockedForPlayer | rememberSafePlayerPosition | safePointNear
safeVehicleExitPoint,25-render-init-resize-position-collision.js,"Three.js, qualidade, viewport, resize, posição segura e colisões",4552,4555,7e74d4301cc9f7323b185aa945674cee3d385a3975afb1a4e1520f3334b14b9f,1,0,0,0,0,0,0,0,1,0,0,safePointNear
vehicleHitsCollider,25-render-init-resize-position-collision.js,"Three.js, qualidade, viewport, resize, posição segura e colisões",4556,4564,ce6d767180d7d16097c4d3a6fe2703a1de5776a6fcb701eef780dfaa7afdc520,2,5,0,0,0,2,0,0,4,0,1,currentVehicleRef | trafficActorList
registerVehicleImpact,25-render-init-resize-position-collision.js,"Three.js, qualidade, viewport, resize, posição segura e colisões",4565,4568,b832458476c92dcd02dab21ba84e304f7153695ee899529a94b6177af64150a0,3,1,0,0,0,0,0,0,0,0,0,beep | toast | vibrate
resolveCollisions,25-render-init-resize-position-collision.js,"Three.js, qualidade, viewport, resize, posição segura e colisões",4569,4582,5d1c29d2dd78f329216cba8daaee431bfb05da92187cb657d2665e89a171b46d,3,9,4,0,0,1,0,0,1,0,1,playerScaleValue | registerVehicleImpact | vehicleHitsCollider
resolveMovementInput,25-render-init-resize-position-collision.js,"Three.js, qualidade, viewport, resize, posição segura e colisões",4583,4599,767d0b9c829a4cc4f513fd683f0f6ebabcd9b1f7f68dac897eae3645a0f00494,2,4,3,0,0,0,0,0,1,0,5,derivePlayerMode | normalizeControlIntent
sprintRequested,25-render-init-resize-position-collision.js,"Three.js, qualidade, viewport, resize, posição segura e colisões",4600,4600,58db47e7eaff126edee7a544ae272e7ad16009fc07f2280d62b814c09743f154,0,0,0,0,0,0,0,0,1,0,0,
updateRunUI,25-render-init-resize-position-collision.js,"Three.js, qualidade, viewport, resize, posição segura e colisões",4601,4603,55e726a4841ed503d93453317a4f1273d4a862163765449b3812febcd03648a2,3,4,0,0,0,0,0,0,2,0,0,mobilityDriverActive | sprintRequested | updateMobilityControlLabels
clearMovementInputs,25-render-init-resize-position-collision.js,"Three.js, qualidade, viewport, resize, posição segura e colisões",4604,4611,69f83b27e8af38f3f651f93842c0f1eaf6b19260b759be3c247ca9af1db136ce,1,1,0,0,0,0,0,0,0,0,0,updateRunUI
canJump,25-render-init-resize-position-collision.js,"Three.js, qualidade, viewport, resize, posição segura e colisões",4612,4612,5afbb6aee064798aab787b955cb7b815d024e5d302bf8331f7802d48a37ecf58,0,0,0,0,0,0,0,0,1,0,0,
requestJump,25-render-init-resize-position-collision.js,"Three.js, qualidade, viewport, resize, posição segura e colisões",4613,4613,69f747bbb514595f8eb03e348c3c0cb2e10e488fd01e9d0a7f681c9e7053a6af,2,2,0,0,0,0,0,0,1,0,0,canJump | doJump
doJump,25-render-init-resize-position-collision.js,"Three.js, qualidade, viewport, resize, posição segura e colisões",4614,4614,009ff421c0c9dd088120e303a124cc44cbd8105d44b50c8e100cdba67e1a85ba,4,1,0,0,0,0,0,0,1,0,0,beep | canJump | trackDaily | vibrate
updatePlayer,25-render-init-resize-position-collision.js,"Three.js, qualidade, viewport, resize, posição segura e colisões",4615,4649,55f85d4b667026c80c00f0080cadc2d12ec9cfcd64ad3a5438c944b92e557863,26,20,6,0,0,0,0,0,1,0,13,animatePlayer | beep | cameraRelativeVector | canJump | checkHazards | collectNearbyCrystals | constrainBoat | doJump | groundHeightAt | recoverPlayerIfInvalid | rememberSafePlayerPosition | resolveCollisions | resolveMovementInput | resolveWaterWalking | sprintRequested | syncPlayerRootScale | trackDaily | updateBoatPanel | updateBoatPhysics | updateContext | updateVehiclePhysics | vibrate
mobilityThrottleIntent,26-input-player-physics.js,"Entrada, corrida, pulo, física do jogador/veículo e animação",4650,4662,b2e4e76dac77ed92da5116bc7cb687b2df89c177ae57afeeec5c058501338fbd,0,7,0,0,0,0,0,0,7,0,1,
updateVehiclePhysics,26-input-player-physics.js,"Entrada, corrida, pulo, física do jogador/veículo e animação",4663,4677,1b87b9a8f98440036352ce252ff5ea4823727b52e9f1d4da8b84e55c9798fddd,6,7,1,0,0,0,0,0,3,0,15,exitVehicle | mobilityThrottleIntent | sprintRequested | toast | updateMobilityControlLabels
animatePlayer,26-input-player-physics.js,"Entrada, corrida, pulo, física do jogador/veículo e animação",4678,4702,47f7b36102ac25584c9c6a08fccfda16f419b8e9d84de4f0dd614791feacd8ec,0,13,8,0,0,0,0,0,1,0,22,
checkHazards,26-input-player-physics.js,"Entrada, corrida, pulo, física do jogador/veículo e animação",4703,4705,6168e673b5374723372b8db679748f7038160486d73c80ac67ee7ac899f87d27,2,4,1,0,0,1,0,0,0,0,0,returnHome | toast
collectNearbyCrystals,26-input-player-physics.js,"Entrada, corrida, pulo, física do jogador/veículo e animação",4706,4709,193c311b4acac1010eb47e9066449cbda6532b5fae59dbaafcfc241edcbaa4a9,1,2,0,0,0,1,0,0,0,0,0,collectCrystal
npcSpeech,26-input-player-physics.js,"Entrada, corrida, pulo, física do jogador/veículo e animação",4710,4710,f9ad41f978eef0ab0e5abd54f254712cdfd276ef696df064263c4b97db6233fa,1,1,0,0,0,0,0,0,0,0,1,toast
nearestRideCompanion,26-input-player-physics.js,"Entrada, corrida, pulo, física do jogador/veículo e animação",4711,4713,51e758b32d1ae33d15d044ced20b3a212d4ffb8e0a63425a6b5cddfe9a722735,0,0,0,0,0,0,0,0,1,0,0,
nearestBoardableNpc,26-input-player-physics.js,"Entrada, corrida, pulo, física do jogador/veículo e animação",4714,4716,2dbcf7410233b5f7a61d96edd3714bcdd2d3e2a04dc49176cd46bf2c4f1e55e4,0,0,0,0,0,0,0,0,1,0,0,
boardNpcPassenger,26-input-player-physics.js,"Entrada, corrida, pulo, física do jogador/veículo e animação",4717,4719,f0edfc4b94d40b0fbc7171ae3dd05ff8adbecf81db77946854d448ef35f6dfb1,2,3,0,0,0,0,0,0,3,0,3,saveState | toast
releaseNpcPassenger,26-input-player-physics.js,"Entrada, corrida, pulo, física do jogador/veículo e animação",4720,4722,c5b316049f6dd9858a51e9891d83db7dbcca1941e5f1e69ea25dda9ffdae19da,1,3,0,0,0,0,0,0,1,0,4,groundHeightAt
updateNpcSociety,26-input-player-physics.js,"Entrada, corrida, pulo, física do jogador/veículo e animação",4723,4732,bc3f18d5b778011aa0d0ab961158510a776c0330535450138b51fc957d263062,10,9,5,0,0,0,0,0,2,0,3,cloudHouseRecord | npcSpeech | saveState | updateHUD
updateNPCs,26-input-player-physics.js,"Entrada, corrida, pulo, física do jogador/veículo e animação",4733,4769,a074d26dc9f4ccca9eeed663f781c131b9abf99fbf09bd54653314c28a113699,2,11,8,0,0,2,0,0,0,0,15,snapTrafficToRoad | trafficSpeedFactor
updateEnemies,27-npc-enemies-combat-camera-action.js,"Sociedade NPC, inimigos, combate, câmera, contexto, ação e necessidades",4770,4778,f8b22f10e6502c2f43d429df9dcad755aff6bea7967e59226f66f7f62679cd8e,5,5,0,0,0,1,0,0,0,0,4,beep | saveState | toast | vibrate
meleeAttack,27-npc-enemies-combat-camera-action.js,"Sociedade NPC, inimigos, combate, câmera, contexto, ação e necessidades",4779,4783,96848647441085acecfbe2d49c382c7ea49e124c80dac979d95decc4bcbff4c8,3,1,0,0,0,0,0,0,1,0,0,beep | damageEnemy | toast
damageEnemy,27-npc-enemies-combat-camera-action.js,"Sociedade NPC, inimigos, combate, câmera, contexto, ação e necessidades",4784,4787,828f890fb2850f16754e0367a9758c7a786cab89e505eac0fb83c4b8aa85bbe8,5,2,0,0,0,0,0,0,1,0,2,addCoins | addXP | evaluateMissions | saveState | toast
firePower,27-npc-enemies-combat-camera-action.js,"Sociedade NPC, inimigos, combate, câmera, contexto, ação e necessidades",4788,4793,83d213109ba62057f102bcaa13d999a1b10afd0bcc8ba627ee2da46d515b6d87,5,3,0,0,0,0,0,0,3,0,0,beep | mat | toast | vehicleHorn | vibrate
updateFireballs,27-npc-enemies-combat-camera-action.js,"Sociedade NPC, inimigos, combate, câmera, contexto, ação e necessidades",4794,4797,346c20d9c353cfabce39ac97214f35e100a3df15192601d4cbdacd4601a3de20,1,2,0,0,0,2,0,0,0,0,0,damageEnemy
updateCamera,27-npc-enemies-combat-camera-action.js,"Sociedade NPC, inimigos, combate, câmera, contexto, ação e necessidades",4798,4829,5e4983b5373b2f14df6a0ec30877738f260b6aadd8dd3c4f98a70b5860d65782,1,6,1,0,0,0,0,0,0,0,27,playerScaleValue
nearestInteractable,27-npc-enemies-combat-camera-action.js,"Sociedade NPC, inimigos, combate, câmera, contexto, ação e necessidades",4830,4847,40f72153f227c5201ae57c03718eafc9b84d8de1dec619b89dc096ecdb2c426a,14,14,0,0,0,1,0,0,12,0,6,boardNpcPassenger | isInteractionAvailable | nearestBoardableNpc | nearestRemotePlayer | openRemotePlayerActions | toast | updateTransitPanel | worldPos
updateContext,27-npc-enemies-combat-camera-action.js,"Sociedade NPC, inimigos, combate, câmera, contexto, ação e necessidades",4848,4851,0dc32590dd63fb948275144cded957e4c88be91e088bd126702e9fe89ac54d03,1,4,0,0,0,0,0,0,2,0,6,nearestInteractable
doAction,27-npc-enemies-combat-camera-action.js,"Sociedade NPC, inimigos, combate, câmera, contexto, ação e necessidades",4852,4863,c6c1e77ebe1b65a44f562d15874489265a92e7c16a8e4883f9ea071ccfbe7438,6,6,0,0,0,0,0,0,2,0,1,isInteractionAvailable | meleeAttack | nearestInteractable | syncMobilePanels | updateContext | worldPos
updateNeeds,27-npc-enemies-combat-camera-action.js,"Sociedade NPC, inimigos, combate, câmera, contexto, ação e necessidades",4864,4871,1dc3fb266bca42cd5d5198a1d70317e706bf012e62cdc05234635c898dc22cb1,5,3,0,0,0,0,0,0,1,0,4,playerDisplayName | saveState | sprintRequested | toast | updateHUD
multiplayerGameLabel,27-npc-enemies-combat-camera-action.js,"Sociedade NPC, inimigos, combate, câmera, contexto, ação e necessidades",4872,4872,7d5f7acd44cb511d2557ecf97178e545fb28bfd2f4a9002034081caecb5d4770,0,0,0,0,0,0,0,0,1,0,2,
guardianMultiplayerAllowed,27-npc-enemies-combat-camera-action.js,"Sociedade NPC, inimigos, combate, câmera, contexto, ação e necessidades",4873,4873,254610f3bea565d6ce35ec02db8deb7b0e5f1711f3146637d3f48450632a18f7,0,0,0,0,0,0,0,0,1,0,0,
guardianCommunicationAllowed,27-npc-enemies-combat-camera-action.js,"Sociedade NPC, inimigos, combate, câmera, contexto, ação e necessidades",4874,4874,108e100a338eb4277b546fe1d78d9f6993d4baf855588c1807f06f80982e3efa,0,0,0,0,0,0,0,0,1,0,0,
publicPlayerName,27-npc-enemies-combat-camera-action.js,"Sociedade NPC, inimigos, combate, câmera, contexto, ação e necessidades",4875,4878,1f713970ebbdacd45004600e9e9f0f1ca0865b865816386e393ae9857f70c4a3,0,0,0,0,0,0,0,0,1,0,1,
remotePlayerName,27-npc-enemies-combat-camera-action.js,"Sociedade NPC, inimigos, combate, câmera, contexto, ação e necessidades",4879,4881,ad7a779a82c8611add2e442fe27acf75f41416884bbbb149dfd2ebf84a2654f6,0,0,0,0,0,0,0,0,1,0,0,
sanitizeRemoteSession,27-npc-enemies-combat-camera-action.js,"Sociedade NPC, inimigos, combate, câmera, contexto, ação e necessidades",4882,4886,0630ae59fd4238703bfa39e3ffd4fa429aacf01e28d0e6974648071cd6fc9342,5,1,0,0,0,1,0,0,1,0,5,remotePlayerName
pendingChallenges,27-npc-enemies-combat-camera-action.js,"Sociedade NPC, inimigos, combate, câmera, contexto, ação e necessidades",4887,4887,3d960b87312e253a3246eca6390a0b62a14187494d87b53f78669fa60808634a,0,0,0,0,0,0,0,0,1,0,0,
readyGameSessions,27-npc-enemies-combat-camera-action.js,"Sociedade NPC, inimigos, combate, câmera, contexto, ação e necessidades",4888,4888,ee4bb7e640c90c65d3fcdd123ec83f02bf20beee237a0727149d153a2d897176,0,0,0,0,0,0,0,0,1,0,1,
closeChallengePrompt,27-npc-enemies-combat-camera-action.js,"Sociedade NPC, inimigos, combate, câmera, contexto, ação e necessidades",4889,4889,3321e2a6eb58abc4fe1b8e4463882130d19318e5e2738f9d7093b1fa0ab8b129,0,1,0,0,0,0,0,0,1,0,0,
showIncomingChallengePrompt,27-npc-enemies-combat-camera-action.js,"Sociedade NPC, inimigos, combate, câmera, contexto, ação e necessidades",4890,4890,ae023f8a4c913282989e29e139ed4fdd4597dc9bf88007d9cd285f5d4b7d05e2,2,1,0,0,0,0,0,0,1,0,0,guardianCommunicationAllowed | multiplayerGameLabel
showReadySessionPrompt,27-npc-enemies-combat-camera-action.js,"Sociedade NPC, inimigos, combate, câmera, contexto, ação e necessidades",4891,4892,ed616e7ccf67cb5c732362e86ea0a0e7ac74960497ec5067d9e47947d9739c32,3,2,0,0,0,0,0,0,2,0,3,guardianCommunicationAllowed | multiplayerGameLabel | sessionOpponentName
socialActionLabel,27-npc-enemies-combat-camera-action.js,"Sociedade NPC, inimigos, combate, câmera, contexto, ação e necessidades",4893,4893,cf7ffce0a5e6f16016674f226cd5829153d954bcf199f7045fabbc203ba9e875,0,0,0,0,0,0,0,0,1,0,0,
socialRequestPending,27-npc-enemies-combat-camera-action.js,"Sociedade NPC, inimigos, combate, câmera, contexto, ação e necessidades",4894,4894,15ccf2e2d771b65f0becb274c4feb17fe2756a76ba8db4bca6a26326ce4b5a81,0,0,0,0,0,0,0,0,1,0,0,
showIncomingSocialRequest,27-npc-enemies-combat-camera-action.js,"Sociedade NPC, inimigos, combate, câmera, contexto, ação e necessidades",4895,4907,bbd2e90a2432ee97b2dc22dc6441e7dec27e5ecafd167e3034ab19e713c22e8d,11,7,0,0,0,0,0,0,8,0,4,guardianCommunicationAllowed | saveState | socialActionLabel | toast
applyAcceptedSocialAction,27-npc-enemies-combat-camera-action.js,"Sociedade NPC, inimigos, combate, câmera, contexto, ação e necessidades",4908,4925,dd070496d8dce79bbead58d2265c34a8311f2e2e41f88f61b9dae5eb8685ac47,23,15,9,0,0,0,0,0,3,0,14,closeChallengePrompt | closeModal | enterBoatAsPassenger | enterVehicleAsPassenger | escapeHtml | multiplayerGameLabel | openModal | openNearestCampfire | saveState | sessionOpponentName | startFishing | startHunting | startMultiplayerEducationGame | toast | triggerEmote
updateOnlineAttention,27-npc-enemies-combat-camera-action.js,"Sociedade NPC, inimigos, combate, câmera, contexto, ação e necessidades",4926,4926,e4ddec715dca758a9c3bcaf51fd2dfd55c40a39c73abbd16b1ffb6dac47ba207,4,2,0,0,0,0,0,0,0,0,6,guardianCommunicationAllowed | pendingChallenges | readyGameSessions | socialRequestPending
challengeInboxHtml,27-npc-enemies-combat-camera-action.js,"Sociedade NPC, inimigos, combate, câmera, contexto, ação e necessidades",4927,4927,5207e83d370d6c09ad4f7aea1f3989303f7c0f0d3d434cd51d3a449456f2e800,3,0,0,0,0,0,0,0,1,0,1,escapeHtml | multiplayerGameLabel | pendingChallenges
socialRequestInboxHtml,27-npc-enemies-combat-camera-action.js,"Sociedade NPC, inimigos, combate, câmera, contexto, ação e necessidades",4928,4928,62aa32fd858416efc73d36a53b791f0099a21eefddaaea218fecc25be8b6ed85,4,0,0,0,0,0,0,0,1,0,1,escapeHtml | socialActionLabel | socialRequestPending
completedGameSessions,,,4929,4929,e240b029291d6a0a9c6a864df83852bd97177ce6d971619e3de7f1bce2126517,0,0,0,0,0,0,0,0,1,0,3,
rememberMatchResult,28-multiplayer-social-online.js,"Desafios online, social, chat, presença, fantasmas e sincronização",4930,4930,bd80bf69bd6b52479286aacf2ba0b05fda30801938782523d2434b7476af155d,1,2,0,0,0,0,0,0,3,0,4,sessionOpponentName
duelHistoryHtml,28-multiplayer-social-online.js,"Desafios online, social, chat, presença, fantasmas e sincronização",4931,4931,fe89afa9945f2328d2336003387cb5ff8c62ed9d73067159b0399fd121477503,5,0,0,0,0,0,0,0,2,0,9,completedGameSessions | escapeHtml | multiplayerGameLabel | sessionOpponentName
activeSessionsHtml,28-multiplayer-social-online.js,"Desafios online, social, chat, presença, fantasmas e sincronização",4932,4932,0eca6747fe4b27c75d0092afa9ab83306940180d70e783e6042579a990b197ac,3,0,0,0,0,0,0,0,2,0,9,escapeHtml | multiplayerGameLabel | readyGameSessions
bindChallengeCards,28-multiplayer-social-online.js,"Desafios online, social, chat, presença, fantasmas e sincronização",4933,4935,ba5607e4da6501bf7e70ec39e4a2656ccbae08c436cdf45e0b534acbd2715c28,11,5,1,0,0,0,0,0,3,0,11,closeChallengePrompt | multiplayerGameLabel | refreshOpenSocialHub | toast | updateOnlineAttention
highestUnlockedLevel,28-multiplayer-social-online.js,"Desafios online, social, chat, presença, fantasmas e sincronização",4936,4936,80ac675cb41c188efd8959e161e6aafa4a1d23b1a072d0f34920636cb9e02bd8,1,1,0,0,0,1,0,0,1,0,0,subjectUnlocked
openChallengePicker,28-multiplayer-social-online.js,"Desafios online, social, chat, presença, fantasmas e sincronização",4937,4937,7f2e46f76f93ed86dc4c485ce9fd127870cdca640652a2dd10cd52503e9daadb,5,1,1,0,0,0,0,0,0,0,4,closeModal | highestUnlockedLevel | openModal | toast
sessionOpponentName,28-multiplayer-social-online.js,"Desafios online, social, chat, presença, fantasmas e sincronização",4938,4938,8f905d10b8bac2e861fa2c8a2e06d8dfd1705b685325e57cb128e5c0ed5d9924,1,0,0,0,0,0,0,0,1,0,4,remotePlayerName
startMultiplayerEducationGame,28-multiplayer-social-online.js,"Desafios online, social, chat, presença, fantasmas e sincronização",4939,4939,c647a9a34fda4a2bf2333f01dcc68ff61b98308783479c85f61d3b5771dbb6e6,9,2,0,0,0,0,0,0,2,0,5,closeChallengePrompt | escapeHtml | openModal | runEducationGame | saveState | sessionOpponentName | toast
maybeShowMultiplayerResult,28-multiplayer-social-online.js,"Desafios online, social, chat, presença, fantasmas e sincronização",4940,4940,a02677f154b6dce484cdc454c659c85237edb0a96280466830bf27c4d1080824,6,4,0,0,0,0,0,0,3,0,13,addCoins | addXP | escapeHtml | openModal | rememberMatchResult | saveState
currentOnlineRoom,28-multiplayer-social-online.js,"Desafios online, social, chat, presença, fantasmas e sincronização",4941,4941,e17797f461a3acde547e0511fc4ccc8e018f23d09c484c3cdf7b4aba06cdb06a,0,0,0,0,0,0,0,0,1,0,2,
multiplayerStatusText,28-multiplayer-social-online.js,"Desafios online, social, chat, presença, fantasmas e sincronização",4942,4942,48d2a773db60744ac27a3adc394aa64abbd02290e2361ca8525823e62beef5ba,1,2,0,0,0,0,0,0,3,0,2,currentOnlineRoom
updateMultiplayerBadge,28-multiplayer-social-online.js,"Desafios online, social, chat, presença, fantasmas e sincronização",4943,4943,4d0357833639cd52454227bc2369637dd51ccfa4ff7629169e6d58485d64d453,0,2,0,0,0,0,0,0,1,0,1,
onlinePlayers,28-multiplayer-social-online.js,"Desafios online, social, chat, presença, fantasmas e sincronização",4944,4944,e8917a7f3200c56b4225c91fd1f309faeb3fe9d4863bef82306407a5501eb5de,1,0,0,0,0,0,0,0,2,0,3,remotePlayerName
onlinePlayerListHtml,28-multiplayer-social-online.js,"Desafios online, social, chat, presença, fantasmas e sincronização",4945,4945,908f3b334aad968745fd0826c4bd1489a6a1fea141673142d9e6714a98a24bf4,2,0,0,0,0,0,0,0,1,0,1,escapeHtml | onlinePlayers
bindOnlinePlayerCards,28-multiplayer-social-online.js,"Desafios online, social, chat, presença, fantasmas e sincronização",4946,4946,ba43ec950dbe3c24583704cb0a7455b62362ae1d1039d1411cc988d059cda26e,1,1,0,0,0,0,0,0,0,0,0,openRemotePlayerActions
refreshOpenSocialHub,28-multiplayer-social-online.js,"Desafios online, social, chat, presença, fantasmas e sincronização",4947,4947,b52173ce89858b9d8b3fe6056516f59eb386e9275b1a126844aeb0578b0554b3,13,9,0,0,0,0,0,0,1,0,0,activeSessionsHtml | bindChallengeCards | bindOnlinePlayerCards | challengeInboxHtml | chatMessageHtml | duelHistoryHtml | multiplayerStatusText | onlinePlayerListHtml | onlinePlayers | socialRequestInboxHtml | updateOnlineAttention
approvedChatPhrases,28-multiplayer-social-online.js,"Desafios online, social, chat, presença, fantasmas e sincronização",4948,4948,17108211326ac44786ccbea6954b418d9d25f5639db96b57c34c1102931cd859,0,0,0,0,0,0,0,0,1,0,8,
openSocialHub,28-multiplayer-social-online.js,"Desafios online, social, chat, presença, fantasmas e sincronização",4949,4959,b593da73881b615f794011b3fc137d1f83f5ede225ffeb5b02920a1651878af2,26,3,0,0,0,0,0,0,2,0,4,activeSessionsHtml | approvedChatPhrases | bindChallengeCards | bindOnlinePlayerCards | challengeInboxHtml | chatMessageHtml | duelHistoryHtml | escapeHtml | guardianCommunicationAllowed | guardianMultiplayerAllowed | multiplayerStatusText | onlinePlayerListHtml | onlinePlayers | openModal | pendingChallenges | refreshOpenSocialHub | saveState | socialRequestInboxHtml | socialRequestPending | toast
escapeHtml,28-multiplayer-social-online.js,"Desafios online, social, chat, presença, fantasmas e sincronização",4960,4960,ad952d86e2bc2766a910b0617c56e0777f3e84e225574c3f99d1ada8b49a9a24,0,0,0,0,0,0,0,0,1,0,0,
chatMessageHtml,28-multiplayer-social-online.js,"Desafios online, social, chat, presença, fantasmas e sincronização",4961,4961,b4c56d8f0c1aa9ae36d5d86214f63d5cd2c670bb1eae245e9e731da930bdf237,2,0,0,0,0,0,0,0,1,0,0,escapeHtml
openReportPlayer,28-multiplayer-social-online.js,"Desafios online, social, chat, presença, fantasmas e sincronização",4962,4968,43a4a77a61b7f5c5f6889c29b358950a60de4b146515a57286379d2356e6d753,4,1,0,0,0,0,0,0,1,0,4,closeModal | openModal | toast
openRemotePlayerActions,28-multiplayer-social-online.js,"Desafios online, social, chat, presença, fantasmas e sincronização",4969,4988,df63776042f80662fecab183cb2da43809dfc72dc226b6ee71c0228fdf080c35,20,18,5,0,0,0,0,1,8,0,20,closeModal | confirmModal | guardianCommunicationAllowed | isNearFishingArea | nearestActiveCampfire | openChallengePicker | openModal | openReportPlayer | openSocialHub | toast | triggerEmote
nearestRemotePlayer,28-multiplayer-social-online.js,"Desafios online, social, chat, presença, fantasmas e sincronização",4989,4989,f8f0fe3591b48a2cd4e068f837e571d62ee7364f2f7712057d53602612a2cbad,0,1,0,0,0,1,0,0,1,0,0,
openMultiplayerConfig,28-multiplayer-social-online.js,"Desafios online, social, chat, presença, fantasmas e sincronização",4990,4990,20dca2933128993b5af35538a14a30838cc6600ec2530111c6c16d98fe286795,1,0,0,0,0,0,0,0,0,0,0,openSocialHub
applyCloudWorldObjects,28-multiplayer-social-online.js,"Desafios online, social, chat, presença, fantasmas e sincronização",4991,4997,3655c3d3088437ff3fda8c7304e457a7ebffad0fd6502d66b99e76f15a42d578,2,8,0,0,0,6,0,0,1,0,1,spawnCampfire | spawnHouseExtension
remotePlayerEvent,28-multiplayer-social-online.js,"Desafios online, social, chat, presença, fantasmas e sincronização",4998,5029,41f01e5374c47368db4705cd3d5d957504ff26223312131deb5907bd1bd0d81f,77,47,11,0,0,2,1,1,11,0,37,applyAcceptedSocialAction | applyCloudWorldObjects | closeChallengePrompt | createGhost | exitBoat | exitVehicle | guardianCommunicationAllowed | guardianMultiplayerAllowed | hasValidPlayerName | maybeShowMultiplayerResult | mergeCloudProgress | multiplayerGameLabel | publicPlayerName | reconcileCloudHouses | refreshOpenSocialHub | remotePlayerName | sanitizeRemoteSession | saveState | showIncomingChallengePrompt | showIncomingSocialRequest | showReadySessionPrompt | socialActionLabel | toast | triggerEmote | updateGhostName | updateMultiplayerBadge | updateOnlineAttention
initLocalMultiplayer,28-multiplayer-social-online.js,"Desafios online, social, chat, presença, fantasmas e sincronização",5030,5033,faf0525da4949a0c842e6f52002d51200dfb49c82d5b472d83f2468ba80fe07a,8,6,0,0,0,0,0,0,4,0,12,guardianMultiplayerAllowed | hasValidPlayerName | publicPlayerName | remotePlayerEvent | updateMultiplayerBadge
multiplayerNameTexture,28-multiplayer-social-online.js,"Desafios online, social, chat, presença, fantasmas e sincronização",5034,5034,9079368c4673e9657ef836c280c7a2e1a0f503818ee6388cab26e5781efe691e,1,1,1,0,0,0,0,0,1,0,0,sanitizePlayerName
updateLocalPlayerNameLabel,28-multiplayer-social-online.js,"Desafios online, social, chat, presença, fantasmas e sincronização",5035,5035,627789108f36332817a30c4f6212acb89a977bd136a3f573dd73efaa8d33d7a6,2,2,0,0,0,0,0,0,2,0,4,multiplayerNameTexture | playerDisplayName
updateGhostName,28-multiplayer-social-online.js,"Desafios online, social, chat, presença, fantasmas e sincronização",5036,5036,2fa5c1e885ed0a45f1fe10097a91c06b80c1503168ebec12e08788779793ff40,2,2,0,0,0,0,0,0,1,0,2,multiplayerNameTexture | sanitizePlayerName
ghostVehicleKind,28-multiplayer-social-online.js,"Desafios online, social, chat, presença, fantasmas e sincronização",5037,5037,3c97c0ef0748a8ae0b446536576494160f4c2be4fcec2b2f6d1dd06aec836213,0,3,0,0,0,0,0,0,4,0,0,
styleGhostVehicle,28-multiplayer-social-online.js,"Desafios online, social, chat, presença, fantasmas e sincronização",5038,5044,b5e1363275b348666c54a5c7450a191be533a4d46d1987cd6ad90db5733b1147,1,4,3,0,0,1,0,0,1,0,24,ghostVehicleKind
createGhost,28-multiplayer-social-online.js,"Desafios online, social, chat, presença, fantasmas e sincronização",5045,5051,1b704fd3c29f0ddc1a1a5c130a00dc51df0c46d5926bc810ea20c8b7b8f3b098,31,0,0,0,0,1,0,0,1,0,0,box | cylinder | mat | multiplayerNameTexture | sanitizePlayerName
updateMultiplayer,28-multiplayer-social-online.js,"Desafios online, social, chat, presença, fantasmas e sincronização",5052,5064,e95ff1fb4e2e0b22d4617adc88d6e29d74d009c4af60b7dc02db0d47a9c20b99,3,6,0,0,0,1,0,0,1,0,27,guardianMultiplayerAllowed | publicPlayerName | styleGhostVehicle
updatePlayUsage,28-multiplayer-social-online.js,"Desafios online, social, chat, presença, fantasmas e sincronização",5065,5082,ac552849dc5a62f3f789c65b34419d72dfe1a3ea06aefbad79fe177726ccbaea,4,3,0,0,0,0,0,0,1,0,1,openModal | saveState | stopGame
showWorldLoading,28-multiplayer-social-online.js,"Desafios online, social, chat, presença, fantasmas e sincronização",5083,5087,0d58341b1fc626a12c8270493f8d896b8d175d2cbf27be648bbde04248d7b7fb,1,1,0,0,0,0,0,0,0,0,0,openModal
showWorldLoadFailure,28-multiplayer-social-online.js,"Desafios online, social, chat, presença, fantasmas e sincronização",5088,5095,a3122b01ec94ff7f662a188b1c699aecdab66f6c0a387a49881f8006091f5cd3,3,1,0,0,0,0,0,0,0,0,1,escapeHtml | openModal | showScreen
gameLoop,28-multiplayer-social-online.js,"Desafios online, social, chat, presença, fantasmas e sincronização",5096,5127,00619c8e2a82992dc8e65380c2d7bc8e9bb981b3c9348502a4a955b1ff2c84db,36,19,0,0,0,0,0,0,1,0,14,auditPlayerMode | captureTrafficPositions | ensureViewportCoherence | pollGamepad | qualityTier | refreshTechnicalPanel | resolveTrafficOverlaps | samplePerformance | updateAdventure | updateBuildPreview | updateCamera | updateCareerMissions | updateClouds | updateCoopMissions | updateCoopVisuals | updateEnemies | updateFX | updateFireService | updateFireballs | updateFishingVisual | updateLifeActivities | updateMultiplayer | updateNPCs | updateNavigation | updateNeeds | updateNpcSociety | updateOtthiWorldEnvironment | updatePlayUsage | updatePlayer | updatePoliceSystem | updateRace | updateTrafficIncidents | updateTransitWorld | updateVehicleFX | updateVisualLOD | updateWorldHeroAdventure
setupControls,29-game-loop-controls-gamepad.js,"Loop principal, controles, gamepad e início do jogo",5128,5153,1000bda6909cff405eef69c15e0fddd1f7706c1b71b565722a5a4ad8de8c8bec,33,30,4,0,0,0,0,0,5,0,12,closeModal | doAction | endBuildMode | firePower | mobilityDriverActive | openPauseMenu | requestJump | rotateBuildPreview | saveState | setScaleMode | spinPlayer | toast | toggleCrouch | updateMobilityControlLabels | updateRunUI
pollGamepad,29-game-loop-controls-gamepad.js,"Loop principal, controles, gamepad e início do jogo",5154,5177,3fcacd305c0b5218e89475f3a262ad67a325d6de0ca65e625eb0deebfe02c85a,44,19,2,0,0,0,0,1,6,2,25,accountLinked | accountPromptWasHandled | applyAvatarCustomization | closeModal | doAction | equippedTool | evaluateMissions | firePower | gameLoop | hasValidPlayerName | initThree | mobilityDriverActive | openAccountCenter | openModal | openParentGate | openPlayerNameModal | requestJump | resize | restorePosition | saveState | setScaleMode | setupControls | showScreen | showWorldLoadFailure | showWorldLoading | syncMobilePanels | toast | toggleCrouch | updateAbilityUI | updateContext | updateHUD | updateMobilityControlLabels | updateNavigation | updateRunUI
stopGame,29-game-loop-controls-gamepad.js,"Loop principal, controles, gamepad e início do jogo",5178,5183,a4322b48815ad251e4dafdb3a92358746868eccb3532177b0eba42003423c28b,9,10,0,0,0,0,0,0,0,0,0,endBuildMode | exitBoat | exitBusAtStop | exitVehicle | savePlayerPosition | showScreen | stopEngineSound | updateLobbyStats | updateSafetyPanel
openPauseMenu,29-game-loop-controls-gamepad.js,"Loop principal, controles, gamepad e início do jogo",5184,5195,fd63a5fd2b3c934829b9c5d36a29e36b01bbfd1131687c420595b6574ade57e3,11,4,0,0,0,0,0,0,1,0,0,closeModal | endBuildMode | openLifePanel | openModal | returnHome | startEngineSound | stopEngineSound | stopGame
updateBridgeVisual,29-game-loop-controls-gamepad.js,"Loop principal, controles, gamepad e início do jogo",5196,5198,a459af86d7ad6e630837d8759c1fff417039b60eed74dbe5bae7845ea0bb275c,0,0,0,0,0,0,0,0,0,0,0,
prepareVehicleTestArea,29-game-loop-controls-gamepad.js,"Loop principal, controles, gamepad e início do jogo",5199,5211,bc3b68c68cd72fdf2af9d524c9444c64d8f04906400d42b286979115cf46e023,4,2,0,0,0,0,0,0,1,0,0,clearMovementInputs | enterVehicle | exitVehicle | groundHeightAt
stepVehicleSimulation,29-game-loop-controls-gamepad.js,"Loop principal, controles, gamepad e início do jogo",5212,5361,ad38f6870c0711e1826d559b6d7fa45a9a23ce69349f8d62a116e9687d0a8d1a,89,11,0,0,0,5,0,0,36,0,134,activateFireIncident | applyAdaptiveRenderSettings | auditPlayerMode | beginBuildMode | buildRoutePoints | busAtStop | cameraRelativeVector | closeModal | completeActiveJob | constrainBoat | currentVehicleRef | detectStableAutoTier | distanceToBoatDock | doAction | educationSummary | endBuildMode | enterBoatAsPassenger | enterBus | enterHouse | enterVehicle | enterVehicleAsPassenger | evaluateMissions | exitBoat | exitBusAtStop | exitVehicle | firePower | generateEducationRounds | groundHeightAt | initTechnicalPanel | lockStableSceneVisibility | mobilityDriverActive | openPauseMenu | pendingChallenges | placeBuild | prepareVehicleTestArea | qualityTier | reconcileWorldBuilds | remotePlayerEvent | requestJump | requestedQuality | resolveCollisions | resolveMovementInput | rideMetroTo | rotateBuildPreview | routeProgressInfo | savePlayerPosition | saveState | setWaypoint | socialRequestPending | sprintRequested | startFishing | startHunting | startJob | startPoliceAlert | startRace | toggleCrouch | updateAdventure | updateBoatPanel | updateBoatPhysics | updateContext | updateFireService | updateInstallUI | updateLobbyStats | updateMobilityControlLabels | updateMultiplayer | updateNavigation | updatePlayer | updateRunUI | updateTransitWorld | updateVehicleControlsUI | updateVehiclePhysics | updateWaypointMarker | validBoatExit
roomWorldInfo,30-pause-tests-public-api-bootstrap.js,"Pausa, testes de veículo, API pública de auditoria e bootstrap final",5362,5362,383129c99853102eb04cba6cb480243860c13ac5df1b8082cedd8819fc837573,0,0,0,0,0,0,0,0,1,0,3,
roomHouseMarkers,30-pause-tests-public-api-bootstrap.js,"Pausa, testes de veículo, API pública de auditoria e bootstrap final",5363,5363,22da86c76cb820084cbc62f8fa020c6f8b46bb88e39639be49551c0f605d00fb,0,0,0,0,0,0,0,0,2,0,5,
mapHouseLocations,30-pause-tests-public-api-bootstrap.js,"Pausa, testes de veículo, API pública de auditoria e bootstrap final",5364,5364,0c5a77c97e8a8d156f7ec54274f72072e34c6b2c80180d6b3283f108753cbeba,1,0,0,0,0,0,0,0,1,0,1,roomHouseMarkers
mapRegionsMarkup,30-pause-tests-public-api-bootstrap.js,"Pausa, testes de veículo, API pública de auditoria e bootstrap final",5365,5365,1305be767810fe15071074295e9bc2445070022dd66db4ae112b303faaab5e63,1,0,0,0,0,0,0,0,2,0,4,escapeHtml
clearRemoteRoomEntities,30-pause-tests-public-api-bootstrap.js,"Pausa, testes de veículo, API pública de auditoria e bootstrap final",5366,5369,be223ef786ed09719a13e8d726eacd4078eef7013eda175bf9663be510b141ab,5,0,0,0,0,1,0,0,0,0,1,applyCloudWorldObjects | closeChallengePrompt | reconcileCloudHouses | refreshOpenSocialHub | updateMultiplayerBadge
resetMobilityForRoomChange,30-pause-tests-public-api-bootstrap.js,"Pausa, testes de veículo, API pública de auditoria e bootstrap final",5370,5374,e9755b7d93ea749e79d90e072e94a274f7e5dae5e3b89c97fb63b42cdbb5b272,6,10,0,0,0,0,0,0,0,0,0,cancelFishingSession | clearMovementInputs | endBuildMode | exitBoat | exitHouse | exitVehicle
canChangeRoom,30-pause-tests-public-api-bootstrap.js,"Pausa, testes de veículo, API pública de auditoria e bootstrap final",5375,5375,a06f72afff91ed7dceb31354d749e8f2ad9c28a668a8e00ff1fb082ec8cb92ab,0,0,0,0,0,0,0,0,1,0,0,
focusCurrentRoom,30-pause-tests-public-api-bootstrap.js,"Pausa, testes de veículo, API pública de auditoria e bootstrap final",5376,5376,29ada80d0607c4f3cd132e05941030e2076f41d2c74bf4d405db181cadf64912,4,0,0,0,0,0,0,0,0,0,0,buildRoutePoints | roomWorldInfo | toast | updateNavigation
applyRoomWorld,30-pause-tests-public-api-bootstrap.js,"Pausa, testes de veículo, API pública de auditoria e bootstrap final",5377,5397,c39383baa6a54e0c45ef72c305e6dbb74ce8b9a3abb2e0b21a65dfdf31c496f1,13,6,0,0,0,0,0,0,3,0,8,clearRemoteRoomEntities | refreshOpenMapAfterResize | rememberSafePlayerPosition | resetMobilityForRoomChange | roomWorldInfo | safePointNear | saveState | toast | updateContext | updateHUD | updateNavigation
ensureCooperativeState,30-pause-tests-public-api-bootstrap.js,"Pausa, testes de veículo, API pública de auditoria e bootstrap final",5398,5398,2516ddf6d051006846280720a829f1d2473b8bb20584521a69628f3d60b0a588,0,0,0,0,0,0,0,0,1,0,0,
coopUid,30-pause-tests-public-api-bootstrap.js,"Pausa, testes de veículo, API pública de auditoria e bootstrap final",5399,5399,4b03c78c14c75c0f0eadc97193b059a121520d6b193fae043cebac6b7ba9025e,0,0,0,0,0,0,0,0,1,0,2,
coopMissionTemplate,30-pause-tests-public-api-bootstrap.js,"Pausa, testes de veículo, API pública de auditoria e bootstrap final",5400,5400,27143b81a612f04906aedcd737cc6ca391866a89e8280e740e1460b1f3d8221a,0,0,0,0,0,0,0,0,1,0,0,
activeCoopMission,30-pause-tests-public-api-bootstrap.js,"Pausa, testes de veículo, API pública de auditoria e bootstrap final",5401,5401,0c524bc7f44253a91ba93754ddccd2b56e4b93dccf83e2a6be47c6413229ac28,1,0,0,0,0,0,0,0,1,0,0,ensureCooperativeState
activeCoopRecord,30-pause-tests-public-api-bootstrap.js,"Pausa, testes de veículo, API pública de auditoria e bootstrap final",5402,5402,568bb6545111544fc5124d50ef44234de6ec1b8b19f8e2876ece026c430daa0b,1,1,0,0,0,0,0,0,2,0,1,activeCoopMission
activeCoopServiceJob,30-pause-tests-public-api-bootstrap.js,"Pausa, testes de veículo, API pública de auditoria e bootstrap final",5403,5403,1739c4518c92d935614004764cf4306cda255d6bdccde6076e3218a2b5806c37,1,0,0,0,0,0,0,0,1,0,1,activeCoopMission
coopParticipants,30-pause-tests-public-api-bootstrap.js,"Pausa, testes de veículo, API pública de auditoria e bootstrap final",5404,5404,68658f5f4ae19afadf3f12eba4ee7ccf330b96c717316a02abe1c5ccc6af9f1a,1,0,0,0,0,0,0,0,1,0,1,activeCoopRecord
coopOwnParticipant,30-pause-tests-public-api-bootstrap.js,"Pausa, testes de veículo, API pública de auditoria e bootstrap final",5405,5405,ad28fd920be348ad5d4e824cae82a2d7671b9d6ff739707032e83a33ce3fb367,2,0,0,0,0,0,0,0,1,0,2,activeCoopRecord | coopUid
coopRoleLabel,30-pause-tests-public-api-bootstrap.js,"Pausa, testes de veículo, API pública de auditoria e bootstrap final",5406,5406,7fb28014c349cae0157e388bee9cb51d2bb9a4c99a48c3f375771e8c39d99ff3,0,0,0,0,0,0,0,0,1,0,0,
coopProgress,30-pause-tests-public-api-bootstrap.js,"Pausa, testes de veículo, API pública de auditoria e bootstrap final",5407,5407,3daf0a47ea3aa5fa4cb8bb1454dc413f4417bb71bf5efebcaf6d2e90af0b4270,1,0,0,0,0,0,0,0,1,0,8,activeCoopRecord
coopEventValues,30-pause-tests-public-api-bootstrap.js,"Pausa, testes de veículo, API pública de auditoria e bootstrap final",5408,5408,ae5d1862b446a60e1ed756d5433deaa44595809a741c2361b598c49e848769de,2,0,0,0,0,0,0,0,1,0,1,activeCoopRecord | coopProgress
coopHasEvent,30-pause-tests-public-api-bootstrap.js,"Pausa, testes de veículo, API pública de auditoria e bootstrap final",5409,5409,e3e8456a69e0f265dcfa10b8519cb57abf86382c0a94cd379e323865959cd872,2,0,0,0,0,0,0,0,1,0,0,activeCoopRecord | coopEventValues
coopIndividualCount,30-pause-tests-public-api-bootstrap.js,"Pausa, testes de veículo, API pública de auditoria e bootstrap final",5410,5410,619ef34cdeca154c883119f4975f6e735faea2d86b8e9a17179adce3353e420d,3,0,0,0,0,0,0,0,1,0,1,activeCoopRecord | coopEventValues | coopUid
coopRoleCapacity,30-pause-tests-public-api-bootstrap.js,"Pausa, testes de veículo, API pública de auditoria e bootstrap final",5411,5411,852d3f300b7b44c9d1ee1570b45b92e9668bd9c0773f289954eba7d51a285ffc,0,0,0,0,0,0,0,0,1,0,2,
coopRoleTaken,30-pause-tests-public-api-bootstrap.js,"Pausa, testes de veículo, API pública de auditoria e bootstrap final",5412,5412,6b70bdf7d63e329305559adff0187b89925adfc84e1fdecc81bb51404b6c6783,2,0,0,0,0,0,0,0,1,0,0,coopParticipants | coopUid
coopEventSubjectId,30-pause-tests-public-api-bootstrap.js,"Pausa, testes de veículo, API pública de auditoria e bootstrap final",5413,5413,c30dcc9afefe0fff454b5d89bbb461661ab4dc7e835f180bfd40dbadba119c2c,0,0,0,0,0,0,0,0,1,0,0,
coopMedicalDestination,30-pause-tests-public-api-bootstrap.js,"Pausa, testes de veículo, API pública de auditoria e bootstrap final",5414,5414,e9b7acca0166fcffe72fac48594fc2ca2918e17b1598510117bbac5b842d10e6,0,1,0,0,0,0,0,0,2,0,12,
coopRaceStandings,30-pause-tests-public-api-bootstrap.js,"Pausa, testes de veículo, API pública de auditoria e bootstrap final",5415,5417,022b2521bc18dc6aede014ceba748bb00a90359400e8138b885c0c87ade97016,3,0,0,0,0,0,0,0,2,0,5,activeCoopRecord | coopEventValues | coopParticipants
coopRaceTargetReached,30-pause-tests-public-api-bootstrap.js,"Pausa, testes de veículo, API pública de auditoria e bootstrap final",5418,5418,58b60c49a303499cfe718d1aedee189a5873245ae5a916428106efbe08e48fd8,3,0,0,0,0,0,0,0,1,0,5,activeCoopRecord | coopProgress | coopRaceStandings
coopMissionMapLocations,30-pause-tests-public-api-bootstrap.js,"Pausa, testes de veículo, API pública de auditoria e bootstrap final",5419,5423,f5529974cb3bfffc48b5f9008928f7bab2aad8912855c24de751273f2d313a79,7,2,0,0,0,0,0,0,3,0,7,activeCoopMission | activeCoopRecord | coopCurrentInstruction | coopCurrentTarget | coopMissionTemplate | coopOwnParticipant | coopRoleLabel
coopServiceKind,31-neighborhood-world-controller.js,"Bairros reais, limite de vagas, transição, casas e mapa V644",5424,5424,74205e85ad68fcc73f5415df25fedab2137931feb7c7d5c774cd293a1fde440c,0,0,0,0,0,0,0,0,1,0,1,
coopMissionHash,31-neighborhood-world-controller.js,"Bairros reais, limite de vagas, transição, casas e mapa V644",5425,5425,b00cb6f37691b5db7997f5ed924e443f214b6dc5f490176eaf80a422f86f62d8,0,0,0,0,0,1,0,0,1,0,0,
coopSceneTarget,31-neighborhood-world-controller.js,"Bairros reais, limite de vagas, transição, casas e mapa V644",5426,5432,9b15da2b71eea4b3693ff4edddbc4a2c112500fc98e2d7126d25f465a9a43ea6,6,8,0,0,0,2,0,0,4,0,7,activateFireIncident | activeCoopMission | coopMissionHash | createTrafficIncidentAt | nearestRoadProjection | serviceVehiclePools
coopNearestSchool,31-neighborhood-world-controller.js,"Bairros reais, limite de vagas, transição, casas e mapa V644",5433,5433,278f15d2ff295c85e9ed19c6fc69ca8383bf1e95d52211b224b5ba54dbbff962,0,0,0,0,0,0,0,0,1,0,0,
coopNearestInvitableNpc,31-neighborhood-world-controller.js,"Bairros reais, limite de vagas, transição, casas e mapa V644",5434,5434,b382ecdbd1c59560b4c5bd9d21b023d7be2b84751ce7000aeb42a4b745f8c3e4,4,0,0,0,0,0,0,0,1,0,1,activeCoopRecord | coopEventSubjectId | coopProgress
coopCurrentTarget,31-neighborhood-world-controller.js,"Bairros reais, limite de vagas, transição, casas e mapa V644",5435,5453,a4a4e32314262cd0d7a5e91f00055f9b7095489189e6374a4edc042b722108d3,12,15,0,0,0,0,0,0,13,0,7,activeCoopMission | activeCoopRecord | coopMedicalDestination | coopNearestInvitableNpc | coopNearestSchool | coopProgress | coopSceneTarget | coopServiceKind | serviceMissionVehicle
coopCurrentInstruction,32-cooperative-missions.js,"Missões cooperativas infantis, equipes online/solo, pesca, escola e corridas",5454,5468,6f12653b664414da7bcb5a0bfd3f10028222bbcb6e059aa7eab74f61ab0fd1be,8,12,0,0,0,0,0,0,13,0,8,activeCoopMission | activeCoopRecord | coopIndividualCount | coopMissionTemplate | coopOwnParticipant | coopProgress | coopRoleLabel
coopMissionProgressLabel,32-cooperative-missions.js,"Missões cooperativas infantis, equipes online/solo, pesca, escola e corridas",5469,5469,c719e44133ddbc37c7d8a61d05501a1d0004d77693691091e1d7f25c0afec6ad,5,1,0,0,0,0,0,0,2,0,1,activeCoopMission | activeCoopRecord | coopCurrentInstruction | coopMissionTemplate | coopProgress
coopMissionBriefingMarkup,32-cooperative-missions.js,"Missões cooperativas infantis, equipes online/solo, pesca, escola e corridas",5470,5473,cf210c156684e30c8489923d0dd4a3860c6ec23fb4849e5bd877cdb4a57f889f,14,1,0,0,0,0,0,0,2,0,16,activeCoopMission | activeCoopRecord | coopCurrentInstruction | coopIndividualCount | coopMissionProgressLabel | coopMissionTemplate | coopOwnParticipant | coopParticipants | coopProgress | coopRaceStandings | coopRoleLabel | coopUid
coopPermissionDenied,32-cooperative-missions.js,"Missões cooperativas infantis, equipes online/solo, pesca, escola e corridas",5474,5475,d02a16ce7a4aec18817afd647cc7282d5105eef19412faf7ceb86c39c691a64c,0,1,0,0,0,0,0,1,4,0,2,
bindCoopActionButton,32-cooperative-missions.js,"Missões cooperativas infantis, equipes online/solo, pesca, escola e corridas",5476,5476,af0120481768e140fbefa02d80cf0b812d07706d942687a1afb32f8a54a66703,0,3,0,0,0,0,0,0,2,0,0,
coopLocalRecord,32-cooperative-missions.js,"Missões cooperativas infantis, equipes online/solo, pesca, escola e corridas",5477,5479,ae701df451c2cbbeca42db95923e55cf369f4515d25a316f84218227ca01ad5e,4,0,0,0,0,0,0,0,1,0,1,coopUid | publicPlayerName
coopActiveState,32-cooperative-missions.js,"Missões cooperativas infantis, equipes online/solo, pesca, escola e corridas",5480,5494,b8230e34e069a1e0cc68f5f238f4bd231883836f90bc1b1ce53e2b5c44a69af2,54,27,6,0,0,0,0,0,24,0,29,activeCoopMission | activeCoopRecord | closeModal | continueCoopMissionOffline | coopLocalRecord | coopMissionTemplate | coopOwnParticipant | coopParticipants | coopPermissionDenied | coopRoleCapacity | coopRoleTaken | coopUid | ensureCooperativeState | openCoopLobby | prepareCoopMissionRuntime | saveState | toast | updateMissionHUD
continueCoopMissionOffline,32-cooperative-missions.js,"Missões cooperativas infantis, equipes online/solo, pesca, escola e corridas",5495,5499,01b3682e659a343ce036256e1bfb5e6bd88844b057e358776a09cdd6e8ead432,9,1,0,0,0,0,0,0,2,0,1,activeCoopMission | activeCoopRecord | closeModal | coopUid | prepareCoopMissionRuntime | publicPlayerName | saveState | toast | updateMissionHUD
prepareCoopMissionRuntime,32-cooperative-missions.js,"Missões cooperativas infantis, equipes online/solo, pesca, escola e corridas",5500,5506,a264711cb4e39e1a55ae0aae61f908977ccb48bac2a72022e17c014a4df54377,13,6,2,0,0,0,0,0,1,0,0,activateCoopRaceBots | activeCoopMission | activeCoopRecord | applyAvatarCustomization | coopCurrentTarget | coopMissionTemplate | coopSceneTarget | coopServiceKind | coopSetWaypoint | equipJobUniform | reserveMissionServiceVehicle | saveState
coopSetWaypoint,32-cooperative-missions.js,"Missões cooperativas infantis, equipes online/solo, pesca, escola e corridas",5507,5507,5a8dab9028950e11534d9b7ff676e3d1a021b2555f826333d83e326a1ca7ffb9,3,1,0,0,0,0,0,0,1,0,8,buildRoutePoints | updateNavigation | updateWaypointMarker
onCoopServiceVehicleBoarded,32-cooperative-missions.js,"Missões cooperativas infantis, equipes online/solo, pesca, escola e corridas",5508,5516,d29272b75883eaf10c780cf3c37ccf7e8a44b52307bee8183c528d2e70b7a42a,17,14,0,0,0,0,0,0,12,0,4,activeCoopMission | activeCoopRecord | coopSceneTarget | coopSetWaypoint | coopUid | toast
coopNearbyParticipantCount,32-cooperative-missions.js,"Missões cooperativas infantis, equipes online/solo, pesca, escola e corridas",5517,5553,d2a3dd4dfbee6aab01866af8735f18c4bca58eb1a6c5389f77003b4ab28cae27,62,45,0,0,0,1,0,0,34,0,14,activeCoopMission | activeCoopRecord | coopCurrentTarget | coopEventSubjectId | coopHasEvent | coopMedicalDestination | coopNearestInvitableNpc | coopNearestSchool | coopOwnParticipant | coopParticipants | coopProgress | coopServiceKind | coopSetWaypoint | coopUid | ensureActiveFire | saveState | serviceMissionVehicle | startFishing | toast
updateCoopFishingProgress,32-cooperative-missions.js,"Missões cooperativas infantis, equipes online/solo, pesca, escola e corridas",5554,5554,cbf829b2fe8aada26e60b04f419b39b6dfde39074a380cedb0b708af93d81439,5,3,0,0,0,0,0,1,1,0,0,activeCoopRecord | coopProgress | coopSetWaypoint | updateMissionHUD
updateCoopSchoolFollowers,32-cooperative-missions.js,"Missões cooperativas infantis, equipes online/solo, pesca, escola e corridas",5555,5555,8d487800185f88ed69de90f62dc70d28f16ae8530fb35f3ef77e492425c89088,0,2,0,0,0,1,0,0,0,0,0,
activateCoopRaceBots,32-cooperative-missions.js,"Missões cooperativas infantis, equipes online/solo, pesca, escola e corridas",5556,5556,0ee6af469aeb60ba7f55f1f82ac3d48cc58a4b488f984115a6181d6ba6049894,0,0,0,0,0,0,0,0,0,0,0,
deactivateCoopRaceBots,32-cooperative-missions.js,"Missões cooperativas infantis, equipes online/solo, pesca, escola e corridas",5557,5557,bb8b965c285ebec32e5d3575e94072d02788f1d3824cef497031e4f7175ff522,0,0,0,0,0,1,0,0,0,0,0,
updateCoopRaceVisuals,32-cooperative-missions.js,"Missões cooperativas infantis, equipes online/solo, pesca, escola e corridas",5558,5559,aa535e897f3aaa2532d6590e031ac51e71e01db4dcf39edb39487e7558d77fc0,2,3,1,0,0,1,0,0,1,0,1,activeCoopMission | activeCoopRecord
updateCoopRaceProgress,32-cooperative-missions.js,"Missões cooperativas infantis, equipes online/solo, pesca, escola e corridas",5560,5573,ca7d8de5c05c19104cd6f891d53a3642766866f8765dadf3e8b229c12f466031,22,24,8,0,0,0,0,2,5,0,2,activeCoopMission | activeCoopRecord | completeCoopMissionLocal | coopHasEvent | coopMissionTemplate | coopProgress | coopRaceTargetReached | coopSetWaypoint | coopUid | toast
resolveCoopMissionScene,32-cooperative-missions.js,"Missões cooperativas infantis, equipes online/solo, pesca, escola e corridas",5574,5574,9177d4b6cb0cfac5e4abf321af5c598eb18ec1123b2837c0982aa46e19d5239b,6,7,3,0,0,2,0,0,0,0,5,activeCoopMission | activeCoopRecord | extinguishFireIncident | releaseIncidentActorStates | resolveTrafficIncident | serviceVehiclePools
resetCoopMissionNpcs,32-cooperative-missions.js,"Missões cooperativas infantis, equipes online/solo, pesca, escola e corridas",5575,5575,7732bae77f296ad8490e2c2426c53216ed131e24dbecbc68d254f0f765e47286,1,3,0,0,0,1,0,0,0,0,7,activeCoopMission
completeCoopMissionLocal,32-cooperative-missions.js,"Missões cooperativas infantis, equipes online/solo, pesca, escola e corridas",5576,5579,b5a76069ef1505c3570c29f99eda5d15d8ede146e11ac063803242f79f51ce34,31,8,0,0,0,0,0,0,5,0,2,activeCoopMission | activeCoopRecord | addCoins | addReputation | addXP | applyAvatarCustomization | awardMedal | closeModal | confirmModal | coopMissionTemplate | coopParticipants | coopUid | deactivateCoopRaceBots | releaseMissionServiceVehicle | resetCoopMissionNpcs | resolveCoopMissionScene | saveState | toast | updateMissionHUD | updateNavigation | updateWaypointMarker
openCoopLobby,32-cooperative-missions.js,"Missões cooperativas infantis, equipes online/solo, pesca, escola e corridas",5580,5586,d289c1f11e4a9e10389312682f54e46e3a0b910f92222f206c57b117fef118d9,21,2,0,0,0,0,0,0,2,0,26,activeCoopMission | activeCoopRecord | bindCoopActionButton | closeModal | coopCurrentTarget | coopMissionBriefingMarkup | coopMissionTemplate | coopParticipants | coopRoleCapacity | coopRoleLabel | coopRoleTaken | coopSetWaypoint | coopUid | openCoopMissionCenter | openModal
openCoopMissionCenter,32-cooperative-missions.js,"Missões cooperativas infantis, equipes online/solo, pesca, escola e corridas",5587,5592,21a67600ffe44ed37482347577344be3dca8130ab59298071257937374b20fe8,15,1,0,0,0,0,0,0,2,0,9,activeCoopMission | bindCoopActionButton | closeModal | coopCurrentTarget | coopMissionBriefingMarkup | coopMissionTemplate | coopParticipants | coopSetWaypoint | coopUid | ensureCooperativeState | openCoopLobby | openModal
createCoopOvalTrackWorld,32-cooperative-missions.js,"Missões cooperativas infantis, equipes online/solo, pesca, escola e corridas",5593,5597,a339c8c5ac9d1750c03f0564119b04a25f7693bddd663dc6f51509fd1523e521,0,0,0,0,0,2,0,0,0,0,2,
createCooperativeMissionWorld,32-cooperative-missions.js,"Missões cooperativas infantis, equipes online/solo, pesca, escola e corridas",5598,5602,487402ac7361c78437b92804ba0de1d95c89e328989ad49b1941eafe0058c0fd,13,6,1,0,0,1,0,0,1,0,5,activeCoopMission | activeCoopRecord | completeCoopMissionLocal | coopCurrentTarget | createCoopOvalTrackWorld | createNPC | ensureCooperativeState | prepareCoopMissionRuntime | registerInteractable | toast | updateMissionHUD
updateCoopMissions,32-cooperative-missions.js,"Missões cooperativas infantis, equipes online/solo, pesca, escola e corridas",5603,5609,d18e79de825eee3f0d0d8034ea62654e0700b3adc6852629a31b8033d37880f0,26,15,0,0,0,0,0,2,5,0,10,activeCoopMission | activeCoopRecord | completeCoopMissionLocal | coopHasEvent | coopMedicalDestination | coopMissionProgressLabel | coopProgress | coopServiceKind | deactivateCoopRaceBots | isDrivingServiceVehicle | prepareCoopMissionRuntime | releaseMissionServiceVehicle | resetCoopMissionNpcs | resolveCoopMissionScene | saveState | toast | updateCoopFishingProgress | updateCoopRaceProgress | updateCoopSchoolFollowers | updateMissionHUD | updateWaypointMarker
updateCoopVisuals,32-cooperative-missions.js,"Missões cooperativas infantis, equipes online/solo, pesca, escola e corridas",5610,5637,5ac602b9f1513576e19afd865efc0cbd69c507a79208b1d4bb386601bbd7a753,1,0,0,0,0,0,0,0,0,0,0,updateCoopRaceVisuals
ensureOtthiWorldState,32-cooperative-missions.js,"Missões cooperativas infantis, equipes online/solo, pesca, escola e corridas",5638,5645,c8c5749ebe5142aec7a30e81eb5a07f36e6d4a26a644261cd4fe553a210729b5,1,0,0,0,0,0,0,0,1,0,28,normalizeAvatarV2
worldPbrPath,32-cooperative-missions.js,"Missões cooperativas infantis, equipes online/solo, pesca, escola e corridas",5646,5646,c7a3dd0b5df5a4f82eb6cac9dd8e0a97a57b355eb4c7baac68c50afd626f8116,0,0,0,0,0,0,0,0,1,0,0,
configureWorldTexture,32-cooperative-missions.js,"Missões cooperativas infantis, equipes online/solo, pesca, escola e corridas",5647,5656,7807edf7bfc3e8cc87c7eb0e8587285747f2f8e3b57345a35b3e7f95b34ffd1a,0,3,1,0,0,0,0,0,2,0,2,
loadWorldTexture,32-cooperative-missions.js,"Missões cooperativas infantis, equipes online/solo, pesca, escola e corridas",5657,5666,bd3b126fa0f5909bcbb56a360f91dfd2cff0b57ce28a7906cb07aeeb3885a6a4,6,1,0,0,0,0,0,0,2,0,1,configureWorldTexture | registerVisualAsset | updateVisualAsset | worldPbrPath
ensureUv2,32-cooperative-missions.js,"Missões cooperativas infantis, equipes online/solo, pesca, escola e corridas",5667,5670,4604b431c2bc8924e4b9e13504485c9bfee505b7175f558363e22bb47290dfbd,0,1,0,0,0,0,0,0,2,0,3,
applyPbrPack,32-cooperative-missions.js,"Missões cooperativas infantis, equipes online/solo, pesca, escola e corridas",5671,5682,34f91b8c59dae0d5bd728f964ac695e98b633d29b2e743b4ce1b9ccf540b8825,5,4,0,0,0,0,0,0,2,0,5,loadWorldTexture
upgradeCoreMaterialsToWorldPbr,33-otthi-world-professional-core.js,"Fundação OTTHI World, PBR local, diagnóstico e painel das cinco etapas",5683,5691,fa3d8642cf64f4d30efd0ad604516919162b5fd0eae1c89294236c215b6a3beb,2,3,0,0,0,1,0,0,2,0,1,applyPbrPack
improveSceneMeshMaterials,33-otthi-world-professional-core.js,"Fundação OTTHI World, PBR local, diagnóstico e painel das cinco etapas",5692,5702,3f85e65e75afc9a7d24f25b77b0db70238867373f045f208d92199047869968e,3,4,0,0,0,1,0,0,3,0,6,configureWorldTexture | ensureUv2 | qualityTier
otthiWorldStageMarkup,33-otthi-world-professional-core.js,"Fundação OTTHI World, PBR local, diagnóstico e painel das cinco etapas",5703,5705,300dcc357bc7fa5dfd720aff8d71a636486d59729de27444ba25a900809ef372,0,0,0,0,0,0,0,0,1,0,0,
openOtthiWorldCenter,33-otthi-world-professional-core.js,"Fundação OTTHI World, PBR local, diagnóstico e painel das cinco etapas",5706,5715,1ed385c179ae1cd40bd70374a95b4d825fe05582738dd1c08b0c9c932d8b4755,10,0,0,0,0,1,0,0,0,0,3,applyOtthiWorldRuntimeSettings | closeModal | ensureOtthiWorldState | openAvatarStudio | openBuildMenu | openModal | openWorldHeroCenter | openWorldModularGarage | otthiWorldStageMarkup | saveState
injectOtthiWorldButtons,33-otthi-world-professional-core.js,"Fundação OTTHI World, PBR local, diagnóstico e painel das cinco etapas",5716,5724,3b64686ed5fb6d27872d1048b119a9f29784d71a38146b30f8cb532500e8832c,0,2,0,0,0,0,0,0,0,0,2,
applyOtthiWorldRuntimeSettings,33-otthi-world-professional-core.js,"Fundação OTTHI World, PBR local, diagnóstico e painel das cinco etapas",5725,5730,ff87e24e5995a78e8045722f6d20dea33256c6df11fc5e4444e3bb5c593112a9,1,3,0,0,0,0,0,0,0,0,5,qualityTier
otthiWorldDiagnostics,33-otthi-world-professional-core.js,"Fundação OTTHI World, PBR local, diagnóstico e painel das cinco etapas",5731,5743,8e314b0040dfc263e117b18e73e5fe886d1bc2a0b1f0db09d86b4f36888eeba7,0,0,0,0,0,0,0,0,1,0,2,
worldAvatarSafeChoice,33-otthi-world-professional-core.js,"Fundação OTTHI World, PBR local, diagnóstico e painel das cinco etapas",5744,5746,e4776af9a3f189a647b1c1f307a16ff7a6faaa1f6697171e1968566099662b42,0,0,0,0,0,0,0,0,1,0,2,
disposeWorldAvatarObject,33-otthi-world-professional-core.js,"Fundação OTTHI World, PBR local, diagnóstico e painel das cinco etapas",5747,5749,bb029e1427137513f54ffb3297d13785d04e6a85699ae8d7d017a708d3f6a7b3,0,2,0,0,0,1,0,0,0,0,8,
clearWorldAvatarV3,33-otthi-world-professional-core.js,"Fundação OTTHI World, PBR local, diagnóstico e painel das cinco etapas",5750,5754,2f85b595858f905d8efbfc2fe93bf8efa0335881c08ea2ad47f898380949846a,1,1,0,0,0,1,0,0,0,0,3,disposeWorldAvatarObject
worldAvatarMaterial,33-otthi-world-professional-core.js,"Fundação OTTHI World, PBR local, diagnóstico e painel das cinco etapas",5755,5757,112ac54c10b05757103f6bbe8ce4ac274e4c1b03997b00c764bd822a59916a85,0,0,0,0,0,0,0,0,1,0,10,
worldAvatarLayer,33-otthi-world-professional-core.js,"Fundação OTTHI World, PBR local, diagnóstico e painel das cinco etapas",5758,5760,98f564ef2a865ce3706fdd9ac2534c9085d0761a37bc3d5c407f580da5a42da6,0,0,0,0,0,0,0,0,1,0,1,
avatarV3Box,33-otthi-world-professional-core.js,"Fundação OTTHI World, PBR local, diagnóstico e painel das cinco etapas",5761,5761,d5d1c44d1c69c241a44646cd9301438a70c84dee8adf742a6fef807ec0d7b78b,1,1,0,0,0,0,0,0,1,0,1,addVoxelOutline
avatarV3Sphere,33-otthi-world-professional-core.js,"Fundação OTTHI World, PBR local, diagnóstico e painel das cinco etapas",5762,5762,88576ddf52c1d32634d4cfffad912950dd338c546d3d5af93459364f7af7dfcf,0,0,0,0,0,0,0,0,1,0,0,
avatarPatternColor,33-otthi-world-professional-core.js,"Fundação OTTHI World, PBR local, diagnóstico e painel das cinco etapas",5763,5763,760d664d0e32035f0f4cf56d2308e15e59d49b1c3ed4e7c32c4eff428d999138,0,0,0,0,0,0,0,0,1,0,3,
applyWorldAvatarV3,33-otthi-world-professional-core.js,"Fundação OTTHI World, PBR local, diagnóstico e painel das cinco etapas",5764,5810,3bd44bbb3cbbcab89327656f5e1a6cc979bc21bc1afa148d386c4b291b71fa96,90,21,10,0,0,3,0,0,2,0,6,avatarPatternColor | avatarV3Box | avatarV3Sphere | clearWorldAvatarV3 | ensureOtthiWorldState | worldAvatarLayer | worldAvatarMaterial | worldAvatarSafeChoice
worldAvatarOptions,34-avatar-studio-professional-v3.js,Avatar modular V3 sobre o rig procedural preservado,5811,5826,32fe5d4e8c133c0875aa1720b7a410e0d3d26c68b9b9e5e59d41e9fd048ec63e,19,0,0,0,0,0,0,0,1,0,1,applyAvatarCustomization | applyWorldAvatarV3 | avatarChoiceGroup | closeModal | ensureOtthiWorldState | normalizeAvatarV2 | openModal | playerDisplayName | safeAvatarColor | saveState | setFlag | toast | updateAvatarV2LegacyChoice | worldAvatarSafeChoice
otthiSeededRandom,34-avatar-studio-professional-v3.js,Avatar modular V3 sobre o rig procedural preservado,5827,5827,05245094f46d22ead1dbd9d22b33641b3c9494fd4c55477f04bd4ba85774eee1,0,0,0,0,0,0,0,0,2,0,0,
worldDetailAllowed,34-avatar-studio-professional-v3.js,Avatar modular V3 sobre o rig procedural preservado,5828,5834,074ed661b3dcfc516646c637d0dce8f0ec020c2fe6197c0e97e22006a8e38964,1,4,0,0,0,0,0,0,5,0,2,waterAt
createWorldInstancedDetails,34-avatar-studio-professional-v3.js,Avatar modular V3 sobre o rig procedural preservado,5835,5844,656349ca1a13456371ccf9bcb22e0272b24227eef32c2dc086f6a73e583d68f3,7,3,0,0,0,0,2,0,2,0,5,loadWorldTexture | otthiSeededRandom | qualityTier | worldDetailAllowed
createWorldMushroomCluster,34-avatar-studio-professional-v3.js,Avatar modular V3 sobre o rig procedural preservado,5845,5849,de42b46d01d0b959c50c393c01757780db4888339366d1fbdf26aa917e09f06e,5,0,0,0,0,0,0,0,1,0,0,groundHeightAt | loadWorldTexture | worldAvatarMaterial
enhanceWorldHouses,34-avatar-studio-professional-v3.js,Avatar modular V3 sobre o rig procedural preservado,5850,5860,a2dc1150e7c79136209d809fb982725fb47dd9a49bb9b533575073146a03710d,10,2,0,0,0,4,0,0,2,0,3,premiumBox | renderMat | shadeColor
createWorldAtmosphericDetails,34-avatar-studio-professional-v3.js,Avatar modular V3 sobre o rig procedural preservado,5861,5866,bb31cf7aefa3bb8ef409c729aa04eba7fea06be6de52115fe9852e246a65808f,5,1,0,0,0,1,0,0,2,0,2,loadWorldTexture | otthiSeededRandom | qualityTier
createWorldLandmarks,34-avatar-studio-professional-v3.js,Avatar modular V3 sobre o rig procedural preservado,5867,5872,03898fbe9109b01d9425912685f573f6cc4dd910546c916bc74496b1e6c20b8d,5,1,0,0,0,1,0,0,2,0,1,createWorldMushroomCluster | premiumBox | signTexture
createOtthiWorldProfessionalLayer,34-avatar-studio-professional-v3.js,Avatar modular V3 sobre o rig procedural preservado,5873,5877,2593114da2eda8949fb205ff1b8581b394481f8be82c70409737c7b4e21abc1a,8,2,0,0,0,0,0,0,2,0,0,applyOtthiWorldRuntimeSettings | createWorldAtmosphericDetails | createWorldInstancedDetails | createWorldLandmarks | enhanceWorldHouses | ensureOtthiWorldState | improveSceneMeshMaterials | upgradeCoreMaterialsToWorldPbr
updateOtthiWorldEnvironment,34-avatar-studio-professional-v3.js,Avatar modular V3 sobre o rig procedural preservado,5878,5914,4f62923d3c783417c0741a1c9b4240c1a70a339d4084117181e783ec6564a5ef,1,17,9,0,0,4,0,0,7,0,5,sharedBoxGeometry
registerWorldBuildRecord,35-world-render-pbr-environment.js,"Mundo profissional, materiais PBR, vegetação, atmosfera e detalhes",5915,5940,2508355deb4f2fe0032b6339ce8448e039927e12e3e75b82c6b775f098000e08,47,14,9,0,0,7,0,0,5,0,1,addGlow | buildRecordSignature | ensureUv2 | groundHeightAt | loadWorldTexture | normalizeBuildRecord | premiumBox | premiumCylinder | registerCollider | registerPlatform | worldAvatarMaterial
defaultWorldVehicleParts,35-world-render-pbr-environment.js,"Mundo profissional, materiais PBR, vegetação, atmosfera e detalhes",5941,5941,9980e60bc9f5888d8015fdc4747175e30288059d89a693c13d66cb7405f6e437,0,0,0,0,0,0,0,0,1,0,0,
worldVehicleParts,35-world-render-pbr-environment.js,"Mundo profissional, materiais PBR, vegetação, atmosfera e detalhes",5942,5942,b4c5e050c665566093ea77c5890bde648fe9a8fad22b25ad1b98a02071205086,1,0,0,0,0,0,0,0,1,0,1,ensureOtthiWorldState
removeWorldVehicleModules,35-world-render-pbr-environment.js,"Mundo profissional, materiais PBR, vegetação, atmosfera e detalhes",5943,5943,2deee7b35b98de5b3dbff90753a39cf67a917077dd299e1c0be06a5e2865b595,1,2,0,0,0,0,0,0,0,0,3,disposeWorldAvatarObject
worldVehicleModuleMaterial,35-world-render-pbr-environment.js,"Mundo profissional, materiais PBR, vegetação, atmosfera e detalhes",5944,5944,4f0ba87e8c070b7896246090daabd6348c6894c0266dd96285c39360b175d231,3,0,0,0,0,0,0,0,1,0,0,loadWorldTexture
applyWorldVehicleModulesToGroup,35-world-render-pbr-environment.js,"Mundo profissional, materiais PBR, vegetação, atmosfera e detalhes",5945,5967,0cd384c832aa2f21bd1c19715e305e7b2db59f2b3f78ae56793e5c2cc7f51889,15,16,5,0,0,6,0,0,5,0,16,addVoxelOutline | currentVehicleRef | loadWorldTexture | removeWorldVehicleModules | saveState | toast | worldVehicleModuleMaterial | worldVehicleParts
vehicleCatalogOptions,36-modular-build-machines.js,"Construção modular, oficina e veículos montáveis",5968,5968,dc6330c44187bad11e7911b2a6e55151f39835b13527276d23841a273ab32c91,0,0,0,0,0,0,0,0,1,0,4,
openWorldModularGarage,36-modular-build-machines.js,"Construção modular, oficina e veículos montáveis",5969,5978,3a1e8fb0d2809c63cc74e6b06be72c48771f5e89cf8fb287d68c6d6f4e725395,22,6,0,0,0,0,0,0,0,0,8,applyWorldVehicleModulesToGroup | closeModal | ensureOtthiWorldState | escapeHtml | openModal | safeAvatarColor | saveState | syncCloudProgress | toast | vehicleById | vehicleCatalogOptions | worldVehicleParts
createWorldModularGarageInteractable,36-modular-build-machines.js,"Construção modular, oficina e veículos montáveis",5979,5988,cdb9502b1f23a638c07eb0f2f6dba980dc82dd7e54af0686ebb1dba1ff1a09a9,2,1,0,0,0,0,0,0,2,0,1,openWorldModularGarage | registerInteractable
worldHeroState,36-modular-build-machines.js,"Construção modular, oficina e veículos montáveis",5989,5989,29d7e987b0fc24479896a1c4ce00a2c540b93bf2c50c4ee211a07deb45eaded0,1,0,0,0,0,0,0,0,1,0,0,ensureOtthiWorldState
heroPowerUnlocked,36-modular-build-machines.js,"Construção modular, oficina e veículos montáveis",5990,5990,9e5b0386d9753852c067206dd01d958ae93f2335030d59dd5dbc3f8bc827787d,1,0,0,0,0,0,0,0,1,0,0,worldHeroState
heroPowerReady,36-modular-build-machines.js,"Construção modular, oficina e veículos montáveis",5991,5991,0f753dce8d4dfc334caa41aa9e5574998d8967a864fd373141f84bcd271fa23c,1,0,0,0,0,0,0,0,1,0,0,worldHeroState
createHeroPulseVisual,36-modular-build-machines.js,"Construção modular, oficina e veículos montáveis",5992,5994,64bc615f5f21a32e4563fe7db5817eb1221962e4e064d7085df4ab3f016e28e2,0,2,1,0,0,0,0,0,1,0,1,
activateWorldHeroPower,36-modular-build-machines.js,"Construção modular, oficina e veículos montáveis",5995,6010,78463949aef7e59132660e588d890c23b27f61392d7c0c25e2c29a8913f0472a,24,11,4,0,0,4,0,0,4,0,1,beep | collectCrystal | createHeroPulseVisual | damageEnemy | heroPowerReady | heroPowerUnlocked | saveState | spawnDust | toast | updateWorldHeroHud | vibrate | worldHeroState
worldHeroPowerCards,36-modular-build-machines.js,"Construção modular, oficina e veículos montáveis",6011,6011,9d6412556f69c0bd40975507d6d554fc1ff2aa1768513d859c052e21b8394119,2,0,0,0,0,0,0,0,2,0,4,heroPowerUnlocked | worldHeroState
openWorldHeroCenter,36-modular-build-machines.js,"Construção modular, oficina e veículos montáveis",6012,6019,227fc4b73ba306088842154517f9aafaeb31e8e1ba18332caac47116b196a14a,9,0,0,0,0,0,0,0,0,0,1,activateWorldHeroPower | closeModal | openModal | saveState | startWorldHeroChallenge | updateWorldHeroHud | worldHeroPowerCards | worldHeroState
createHeroPlatform,36-modular-build-machines.js,"Construção modular, oficina e veículos montáveis",6020,6020,3725e28732beabc9d58efa6625089b6dddbfd9ee6c6c8064cbfbb0a91658d549,3,0,0,0,0,0,0,0,1,0,0,premiumBox | registerPlatform
createHeroToken,36-modular-build-machines.js,"Construção modular, oficina e veículos montáveis",6021,6021,c16075624c4675a3f7695a73135df57c0396551ec6939c8f8fec2ff3488c058f,2,0,0,0,0,0,0,0,1,0,2,loadWorldTexture
createWorldHeroAdventure,36-modular-build-machines.js,"Construção modular, oficina e veículos montáveis",6022,6029,2aa1ff456cbc00e4336d4d8249f30ff1f8fe16cf5fd0c44a6f81a1b12fa5f495,7,1,0,0,0,2,0,0,2,0,2,addGlow | createHeroPlatform | createHeroToken | premiumBox | registerInteractable | signTexture
resetWorldHeroTokens,36-modular-build-machines.js,"Construção modular, oficina e veículos montáveis",6030,6030,cd81ddd49d76e3264569694c03b5ee261675a8fe6e47d560619cfc8e9c0522ca,0,1,0,0,0,1,0,0,1,0,1,
startWorldHeroChallenge,36-modular-build-machines.js,"Construção modular, oficina e veículos montáveis",6031,6033,251f4305cd85368e67435e0dc881bbc4e039cd63f876a022e22313397f92bb4e,8,4,0,0,0,0,0,0,2,0,1,exitBoat | exitHouse | exitVehicle | resetWorldHeroTokens | toast | updateWaypointMarker | worldHeroState
completeWorldHeroChallenge,36-modular-build-machines.js,"Construção modular, oficina e veículos montáveis",6034,6034,344f805fc002dae885fa3bdc0bdf6637d027dfc09692833f84dc36fa496a1d64,10,2,0,0,0,1,0,0,1,0,3,addCoins | addXP | awardMedal | saveState | setFlag | syncCloudProgress | toast | updateWaypointMarker | updateWorldHeroHud | worldHeroState
updateWorldHeroAdventure,36-modular-build-machines.js,"Construção modular, oficina e veículos montáveis",6035,6041,60acd59a090273c60a6e5d5400846180640583ca2f222be004c068ec7336e768,8,5,0,0,0,1,0,0,0,0,3,addXP | beep | completeWorldHeroChallenge | groundHeightAt | toast | updateWorldHeroHud | worldHeroState
ensureWorldHeroHud,36-modular-build-machines.js,"Construção modular, oficina e veículos montáveis",6042,6044,e763bf46c7144861c9fa17c6387cd410462d8349490464cf5bcf2bbcf3782ead,1,1,0,0,0,0,0,0,1,0,1,activateWorldHeroPower
updateWorldHeroHud,36-modular-build-machines.js,"Construção modular, oficina e veículos montáveis",6045,6054,4ddf639220b1e5e5b459e65f6ab70f7020ba832d5921d17790c0f8de9eac3868,11,3,0,0,0,0,0,1,3,0,2,applyOtthiWorldRuntimeSettings | applyWorldAvatarV3 | createOtthiWorldProfessionalLayer | createWorldHeroAdventure | createWorldModularGarageInteractable | ensureOtthiWorldState | ensureWorldHeroHud | otthiWorldDiagnostics | toast | upgradeCoreMaterialsToWorldPbr | worldHeroState
bootstrapOtthiWorldShell,36-modular-build-machines.js,"Construção modular, oficina e veículos montáveis",6055,6072,1e4aa5d046e87a4fe9e4e23dbc8446cd44de74aacd14a5909d9f3413b8d7fc49,14,3,0,0,0,0,0,1,1,0,2,activateWorldHeroPower | applyAvatarCustomization | applyWorldAvatarV3 | applyWorldVehicleModulesToGroup | createOtthiWorldProfessionalLayer | ensureOtthiWorldState | ensureWorldHeroHud | injectOtthiWorldButtons | startWorldHeroChallenge | updateWorldHeroHud | vehicleById
